asset_id,existing_financing_amount,exposure_limit,lender_id,ts,source
A1000,2187591.87,4456270.88,lender_north,1787917956.860335,financial_system
A1001,0,8352971.14,lender_north,1787917956.8603451,financial_system
A1002,0,17656832.86,lender_prime,1787917956.860353,financial_system
A1003,316400.94,1052443.82,lender_atlas,1787917956.860359,financial_system
A1004,11919827.96,24124536.16,lender_prime,1787917956.8603652,financial_system
A1005,0,23213876.3,lender_prime,1787917956.860369,financial_system
A1006,4536058.62,7048550.91,lender_atlas,1787917956.8603761,financial_system
A1007,0,23644992.13,lender_delta,1787917956.8603818,financial_system
A1008,0,4267510.96,lender_prime,1787917956.860387,financial_system
A1009,0,32587934.51,lender_prime,1787917956.860391,financial_system
A1010,0,26064271.83,lender_prime,1787917956.8603961,financial_system
A1011,11910377.7,26476165.63,lender_atlas,1787917956.860401,financial_system
A1012,2931392.26,4063207.09,lender_atlas,1787917956.860446,financial_system
A1013,0,7640985.46,lender_atlas,1787917956.860451,financial_system
A1014,81565.92,749618.55,lender_atlas,1787917956.860456,financial_system
A1015,0,11288075.47,lender_north,1787917956.86046,financial_system
A1016,0,2169473.28,lender_atlas,1787917956.860474,financial_system
A1017,12001716.17,25552756.73,lender_prime,1787917956.860492,financial_system
A1018,0,18650343.09,lender_atlas,1787917956.860499,financial_system
A1019,2188821.5,3099079.88,lender_north,1787917956.8605042,financial_system
A1020,0,3218455.72,lender_delta,1787917956.860508,financial_system
A1021,0,43100500.73,lender_north,1787917956.8605142,financial_system
A1022,1018040.56,5402995.41,lender_prime,1787917956.860519,financial_system
A1023,0,10598831.9,lender_prime,1787917956.860523,financial_system
A1024,3894338.16,9994908.32,lender_north,1787917956.860527,financial_system
A1025,0,449349.76,lender_north,1787917956.86065,financial_system
A1026,1506931.82,4768336.86,lender_north,1787917956.860708,financial_system
A1027,7696530.29,17966348.79,lender_delta,1787917956.8607192,financial_system
A1028,0,25941153.76,lender_atlas,1787917956.860728,financial_system
A1029,0,15531753.39,lender_atlas,1787917956.860736,financial_system
A1030,623340.71,3316727.86,lender_atlas,1787917956.860744,financial_system
A1031,325225.81,891180.05,lender_north,1787917956.8607512,financial_system
A1032,276948.51,2080560.46,lender_north,1787917956.860784,financial_system
A1033,0,39622759.06,lender_north,1787917956.860806,financial_system
A1034,0,13015921.98,lender_prime,1787917956.8608131,financial_system
A1035,0,22639834.84,lender_atlas,1787917956.8608232,financial_system
A1036,34091.59,6313691.2,lender_delta,1787917956.86083,financial_system
A1037,1420475.2,1805788.71,lender_delta,1787917956.860841,financial_system
A1038,3725517.43,14345024.68,lender_delta,1787917956.8608482,financial_system
A1039,0,29107215.52,lender_atlas,1787917956.860855,financial_system
A1040,318229.67,10535349.08,lender_prime,1787917956.8608708,financial_system
A1041,0,7630614.37,lender_north,1787917956.860888,financial_system
A1042,12242713.33,18647725.5,lender_north,1787917956.860896,financial_system
A1043,19836676.39,23868700.18,lender_north,1787917956.860904,financial_system
A1044,0,3422083.51,lender_north,1787917956.8609228,financial_system
A1045,0,4007137.8,lender_north,1787917956.860947,financial_system
A1046,11838717.27,23463505.85,lender_delta,1787917956.86099,financial_system
A1047,29570.29,16223502.55,lender_north,1787917956.8610198,financial_system
A1048,0,2500606.32,lender_north,1787917956.8610299,financial_system
A1049,12296656.34,23132831.5,lender_atlas,1787917956.861057,financial_system
A1050,5329997.11,37381104.66,lender_prime,1787917956.8610618,financial_system
A1051,1790657.69,2770990.38,lender_prime,1787917956.861067,financial_system
A1052,5959047.7,9803266.83,lender_north,1787917956.8610718,financial_system
A1053,0,6092778.85,lender_atlas,1787917956.861078,financial_system
A1054,4425708.28,6913946.32,lender_prime,1787917956.8610828,financial_system
A1055,0,272694.79,lender_north,1787917956.861087,financial_system
A1056,0,20967579.44,lender_prime,1787917956.861092,financial_system
A1057,1235716.23,5612722.61,lender_prime,1787917956.8610969,financial_system
A1058,0,35370574.07,lender_atlas,1787917956.8611012,financial_system
A1059,0,14807636.99,lender_prime,1787917956.861105,financial_system
A1060,0,13128316.47,lender_north,1787917956.86111,financial_system
A1061,0,7019009.93,lender_delta,1787917956.861114,financial_system
A1062,0,3292785.57,lender_prime,1787917956.8611178,financial_system
A1063,0,40873161.68,lender_north,1787917956.8611221,financial_system
A1064,0,12506192.53,lender_north,1787917956.861127,financial_system
A1065,6770758.07,11437722.25,lender_prime,1787917956.861131,financial_system
A1066,0,13172681.9,lender_north,1787917956.861136,financial_system
A1067,0,532639.51,lender_delta,1787917956.86114,financial_system
A1068,0,1241946.39,lender_atlas,1787917956.8611462,financial_system
A1069,497753.26,3920452.88,lender_prime,1787917956.86115,financial_system
A1070,0,8706879.31,lender_delta,1787917956.861155,financial_system
A1071,3567270.73,30830631.57,lender_atlas,1787917956.8611588,financial_system
A1072,21316503.98,45643354.99,lender_delta,1787917956.861164,financial_system
A1073,0,3814111.48,lender_delta,1787917956.8611681,financial_system
A1074,0,6168232.62,lender_north,1787917956.861173,financial_system
A1075,11368635.4,25247174.69,lender_prime,1787917956.8611772,financial_system
A1076,3792734.75,5696786.95,lender_north,1787917956.861182,financial_system
A1077,0,11442119.35,lender_delta,1787917956.861187,financial_system
A1078,2345293.74,3255039.1,lender_atlas,1787917956.8611908,financial_system
A1079,2884773.11,11298016.08,lender_delta,1787917956.861196,financial_system
A1080,0,21114133.95,lender_delta,1787917956.8611999,financial_system
A1081,0,9387270.59,lender_north,1787917956.861204,financial_system
A1082,8741084.45,23844937.71,lender_north,1787917956.8612092,financial_system
A1083,0,33133579.64,lender_atlas,1787917956.861213,financial_system
A1084,0,14532359.62,lender_atlas,1787917956.8612192,financial_system
A1085,6573584.58,11006627.76,lender_north,1787917956.861224,financial_system
A1086,491334.5,3425479.53,lender_north,1787917956.861229,financial_system
A1087,0,27433280.49,lender_delta,1787917956.861233,financial_system
A1088,0,7583237.71,lender_prime,1787917956.861238,financial_system
A1089,0,11800252.08,lender_north,1787917956.861242,financial_system
A1090,9903451.83,18867127.29,lender_north,1787917956.861247,financial_system
A1091,0,7000534.59,lender_prime,1787917956.861251,financial_system
A1092,1766068.37,2273609.13,lender_delta,1787917956.861256,financial_system
A1093,0,14731145.5,lender_north,1787917956.861262,financial_system
A1094,0,24212201.67,lender_atlas,1787917956.8612669,financial_system
A1095,0,20865825.76,lender_delta,1787917956.8612711,financial_system
A1096,23434315.43,42051763.94,lender_prime,1787917956.861275,financial_system
A1097,13302345.75,29576660.9,lender_prime,1787917956.86128,financial_system
A1098,5181404.99,7967097.18,lender_north,1787917956.8612852,financial_system
A1099,0,14528597.81,lender_delta,1787917956.86129,financial_system
A1100,1180395.59,2274416.15,lender_atlas,1787917956.861294,financial_system
A1101,0,1978278.84,lender_north,1787917956.8612978,financial_system
A1102,0,3091558.01,lender_delta,1787917956.861303,financial_system
A1103,11142994.34,43196355.45,lender_delta,1787917956.861307,financial_system
A1104,1921455.77,3308332.77,lender_atlas,1787917956.861312,financial_system
A1105,0,5975451.26,lender_delta,1787917956.8613162,financial_system
A1106,0,963258.94,lender_delta,1787917956.86132,financial_system
A1107,1822605.15,8010819.32,lender_delta,1787917956.861325,financial_system
A1108,0,13209762.77,lender_atlas,1787917956.86133,financial_system
A1109,9885189.53,12690824.22,lender_prime,1787917956.861335,financial_system
A1110,1819935.15,5061487.06,lender_prime,1787917956.8613389,financial_system
A1111,0,19317519.82,lender_delta,1787917956.861343,financial_system
A1112,0,2036602.12,lender_prime,1787917956.8613482,financial_system
A1113,0,18319117.7,lender_north,1787917956.861352,financial_system
A1114,0,11422894.96,lender_prime,1787917956.861356,financial_system
A1115,6783847.57,13718131.33,lender_north,1787917956.861362,financial_system
A1116,18155.01,4555761.98,lender_delta,1787917956.861366,financial_system
A1117,997137.26,1718814.1,lender_delta,1787917956.8613708,financial_system
A1118,2917055.31,8408023.35,lender_prime,1787917956.861375,financial_system
A1119,0,37738820.47,lender_atlas,1787917956.8613791,financial_system
A1120,0,8888033.37,lender_delta,1787917956.861383,financial_system
A1121,4489293.92,24241568.96,lender_north,1787917956.861388,financial_system
A1122,2431158.04,4434150.31,lender_prime,1787917956.8613918,financial_system
A1123,833029.94,5756310.71,lender_prime,1787917956.861396,financial_system
A1124,4734948.04,12306531.6,lender_prime,1787917956.861401,financial_system
A1125,0,18560405.93,lender_prime,1787917956.861405,financial_system
A1126,0,9930116.21,lender_north,1787917956.861409,financial_system
A1127,0,4509213.64,lender_delta,1787917956.861414,financial_system
A1128,0,15315100.34,lender_atlas,1787917956.861419,financial_system
A1129,5515240.98,10656284.13,lender_atlas,1787917956.861423,financial_system
A1130,3980363.78,29944141.69,lender_prime,1787917956.861428,financial_system
A1131,0,6187171.59,lender_prime,1787917956.861433,financial_system
A1132,6701010.49,20117728.32,lender_delta,1787917956.861439,financial_system
A1133,0,1915495.03,lender_north,1787917956.861443,financial_system
A1134,869842.71,2524174.62,lender_north,1787917956.8614469,financial_system
A1135,1452822.88,3180971.0,lender_north,1787917956.861451,financial_system
A1136,3576593.41,11263179.24,lender_prime,1787917956.8614552,financial_system
A1137,0,30771550.0,lender_prime,1787917956.861459,financial_system
A1138,0,4881634.71,lender_north,1787917956.861463,financial_system
A1139,0,11752292.86,lender_north,1787917956.8614662,financial_system
A1140,85695.18,1045472.92,lender_prime,1787917956.861472,financial_system
A1141,120372.71,2531081.78,lender_atlas,1787917956.861475,financial_system
A1142,5728541.04,10891553.71,lender_north,1787917956.8614788,financial_system
A1143,0,4658028.87,lender_delta,1787917956.861484,financial_system
A1144,0,15984280.25,lender_north,1787917956.861488,financial_system
A1145,756115.41,4361774.63,lender_delta,1787917956.861492,financial_system
A1146,0,8685483.37,lender_delta,1787917956.8614988,financial_system
A1147,3056822.43,4722322.4,lender_delta,1787917956.861503,financial_system
A1148,0,2697693.67,lender_prime,1787917956.8615081,financial_system
A1149,0,15281132.09,lender_delta,1787917956.861512,financial_system
A1150,9753275.12,13418286.08,lender_delta,1787917956.861516,financial_system
A1151,0,2947856.75,lender_prime,1787917956.8615198,financial_system
A1152,0,6649449.45,lender_delta,1787917956.8615239,financial_system
A1153,0,19766339.62,lender_prime,1787917956.8615282,financial_system
A1154,0,25513828.1,lender_atlas,1787917956.8615308,financial_system
A1155,668471.22,26031441.99,lender_north,1787917956.861535,financial_system
A1156,8166794.43,13281551.81,lender_north,1787917956.8615391,financial_system
A1157,0,14850702.99,lender_prime,1787917956.861543,financial_system
A1158,0,6501987.3,lender_north,1787917956.861547,financial_system
A1159,0,12239614.86,lender_atlas,1787917956.86155,financial_system
A1160,0,17598462.82,lender_atlas,1787917956.861554,financial_system
A1161,0,2330189.56,lender_prime,1787917956.861558,financial_system
A1162,4426824.9,12223792.3,lender_prime,1787917956.861563,financial_system
A1163,0,32944513.81,lender_north,1787917956.861568,financial_system
A1164,0,3576168.75,lender_atlas,1787917956.861571,financial_system
A1165,0,22165732.92,lender_delta,1787917956.861575,financial_system
A1166,0,1154392.57,lender_north,1787917956.861579,financial_system
A1167,0,23963045.05,lender_delta,1787917956.861583,financial_system
A1168,1393034.62,6285083.37,lender_prime,1787917956.861587,financial_system
A1169,563715.44,1295711.22,lender_north,1787917956.861591,financial_system
A1170,0,13539818.71,lender_prime,1787917956.8615942,financial_system
A1171,0,2854904.66,lender_prime,1787917956.861598,financial_system
A1172,0,26045441.75,lender_atlas,1787917956.8616042,financial_system
A1173,0,339912.98,lender_delta,1787917956.861608,financial_system
A1174,0,10475563.17,lender_delta,1787917956.861612,financial_system
A1175,1937479.34,3501386.23,lender_delta,1787917956.8616161,financial_system
A1176,0,2068191.78,lender_atlas,1787917956.861621,financial_system
A1177,4590690.43,15613819.11,lender_delta,1787917956.8616252,financial_system
A1178,3265969.75,5957323.04,lender_north,1787917956.86163,financial_system
A1179,0,2397299.23,lender_prime,1787917956.861634,financial_system
A1180,124133.44,4009933.02,lender_atlas,1787917956.8616378,financial_system
A1181,0,46547394.64,lender_atlas,1787917956.861642,financial_system
A1182,747824.98,2113212.97,lender_north,1787917956.8616462,financial_system
A1183,9435199.78,20274829.89,lender_atlas,1787917956.86165,financial_system
A1184,0,9444084.98,lender_delta,1787917956.861654,financial_system
A1185,0,10027335.06,lender_delta,1787917956.861658,financial_system
A1186,0,2930030.23,lender_north,1787917956.861662,financial_system
A1187,0,15085266.03,lender_atlas,1787917956.861665,financial_system
A1188,0,15891428.26,lender_prime,1787917956.861669,financial_system
A1189,0,8470603.93,lender_north,1787917956.8616729,financial_system
A1190,22063072.76,43952166.87,lender_atlas,1787917956.8616772,financial_system
A1191,0,32344054.2,lender_prime,1787917956.86168,financial_system
A1192,2870905.22,4911351.1,lender_prime,1787917956.861684,financial_system
A1193,4463952.11,29474090.86,lender_delta,1787917956.861689,financial_system
A1194,0,24562548.17,lender_delta,1787917956.861695,financial_system
A1195,0,15608806.12,lender_atlas,1787917956.861699,financial_system
A1196,2499871.68,12667948.11,lender_north,1787917956.861703,financial_system
A1197,0,17679803.3,lender_delta,1787917956.861707,financial_system
A1198,0,16856811.79,lender_delta,1787917956.861711,financial_system
A1199,0,3836280.29,lender_atlas,1787917956.861714,financial_system
A1200,1025101.61,3537558.98,lender_delta,1787917956.8617191,financial_system
A1201,0,22955680.94,lender_north,1787917956.861724,financial_system
A1202,0,18797065.25,lender_north,1787917956.861727,financial_system
A1203,1007844.45,13721179.72,lender_prime,1787917956.861731,financial_system
A1204,0,17922059.93,lender_delta,1787917956.8617349,financial_system
A1205,0,14593505.28,lender_atlas,1787917956.861739,financial_system
A1206,0,554159.16,lender_prime,1787917956.861742,financial_system
A1207,9151902.37,29819743.67,lender_delta,1787917956.8617458,financial_system
A1208,0,2268702.74,lender_delta,1787917956.8617501,financial_system
A1209,0,9053840.66,lender_north,1787917956.861755,financial_system
A1210,0,1306190.65,lender_atlas,1787917956.861759,financial_system
A1211,269148.42,1976646.14,lender_delta,1787917956.861763,financial_system
A1212,0,28022454.46,lender_prime,1787917956.8617668,financial_system
A1213,5732343.74,28802054.03,lender_delta,1787917956.861771,financial_system
A1214,0,9651469.07,lender_prime,1787917956.8617752,financial_system
A1215,519290.0,7521856.81,lender_atlas,1787917956.861779,financial_system
A1216,0,4702453.7,lender_atlas,1787917956.861783,financial_system
A1217,1902216.43,3883191.31,lender_delta,1787917956.8617868,financial_system
A1218,0,22337720.13,lender_delta,1787917956.86179,financial_system
A1219,0,33048890.13,lender_delta,1787917956.861794,financial_system
A1220,0,6068356.26,lender_atlas,1787917956.861799,financial_system
A1221,895690.02,3376184.24,lender_delta,1787917956.861804,financial_system
A1222,0,6980847.41,lender_north,1787917956.861807,financial_system
A1223,231441.27,5503586.49,lender_delta,1787917956.861811,financial_system
A1224,9542744.75,17623483.42,lender_prime,1787917956.8618162,financial_system
A1225,0,3243099.01,lender_atlas,1787917956.8618188,financial_system
A1226,0,1206191.17,lender_atlas,1787917956.861823,financial_system
A1227,0,11533790.16,lender_atlas,1787917956.8618271,financial_system
A1228,0,3054206.03,lender_delta,1787917956.861831,financial_system
A1229,0,12597878.4,lender_north,1787917956.861834,financial_system
A1230,0,7090980.58,lender_atlas,1787917956.861838,financial_system
A1231,0,18824124.74,lender_north,1787917956.861842,financial_system
A1232,0,36182016.33,lender_delta,1787917956.861847,financial_system
A1233,0,10211849.24,lender_atlas,1787917956.86185,financial_system
A1234,0,35096923.66,lender_north,1787917956.8618538,financial_system
A1235,0,6317730.8,lender_atlas,1787917956.8618581,financial_system
A1236,9247929.52,17378647.11,lender_prime,1787917956.861862,financial_system
A1237,0,14008680.26,lender_atlas,1787917956.861866,financial_system
A1238,0,9474858.37,lender_prime,1787917956.861869,financial_system
A1239,0,36726666.06,lender_atlas,1787917956.861873,financial_system
A1240,0,11405508.01,lender_atlas,1787917956.861878,financial_system
A1241,0,22141386.7,lender_delta,1787917956.8618822,financial_system
A1242,0,29994547.5,lender_atlas,1787917956.861886,financial_system
A1243,0,5861243.96,lender_atlas,1787917956.86189,financial_system
A1244,0,1031846.83,lender_delta,1787917956.8618932,financial_system
A1245,0,1202238.67,lender_atlas,1787917956.861897,financial_system
A1246,0,5078743.38,lender_prime,1787917956.861901,financial_system
A1247,0,5262803.11,lender_delta,1787917956.861904,financial_system
A1248,379099.93,36113687.49,lender_prime,1787917956.861909,financial_system
A1249,0,26848167.55,lender_prime,1787917956.8619132,financial_system
A1250,0,1090578.81,lender_prime,1787917956.861918,financial_system
A1251,3134385.13,13294597.7,lender_prime,1787917956.861922,financial_system
A1252,7829048.09,20039395.98,lender_north,1787917956.8619258,financial_system
A1253,11219024.51,14913860.68,lender_delta,1787917956.86193,financial_system
A1254,2272665.61,6297146.32,lender_prime,1787917956.8619342,financial_system
A1255,4869009.8,6790984.87,lender_delta,1787917956.86194,financial_system
A1256,18472720.24,30397471.47,lender_prime,1787917956.861944,financial_system
A1257,3940755.22,7272196.55,lender_delta,1787917956.861949,financial_system
A1258,0,416678.33,lender_delta,1787917956.861953,financial_system
A1259,2005288.33,12436855.63,lender_north,1787917956.861957,financial_system
A1260,0,23140351.72,lender_north,1787917956.861961,financial_system
A1261,3261694.32,6525708.55,lender_prime,1787917956.8619661,financial_system
A1262,223608.19,843324.27,lender_delta,1787917956.86197,financial_system
A1263,4350420.39,6220553.45,lender_delta,1787917956.861974,financial_system
A1264,0,7981143.99,lender_north,1787917956.8619788,financial_system
A1265,0,7777916.04,lender_prime,1787917956.861984,financial_system
A1266,0,37023678.7,lender_prime,1787917956.861988,financial_system
A1267,0,10981541.72,lender_north,1787917956.861992,financial_system
A1268,112287.29,176949.45,lender_prime,1787917956.8619971,financial_system
A1269,0,26736171.16,lender_prime,1787917956.862001,financial_system
A1270,3010501.37,6885851.43,lender_delta,1787917956.862006,financial_system
A1271,0,11135582.34,lender_atlas,1787917956.862011,financial_system
A1272,10223647.6,25650740.43,lender_north,1787917956.862016,financial_system
A1273,13155509.29,24966702.85,lender_delta,1787917956.86202,financial_system
A1274,4301678.73,16977963.3,lender_prime,1787917956.862025,financial_system
A1275,3819845.05,10352171.99,lender_delta,1787917956.862029,financial_system
A1276,1561343.18,3400816.82,lender_prime,1787917956.8620338,financial_system
A1277,0,1772860.89,lender_atlas,1787917956.862038,financial_system
A1278,3017294.38,8252665.49,lender_north,1787917956.8620422,financial_system
A1279,0,6519074.6,lender_atlas,1787917956.862047,financial_system
A1280,0,9957956.3,lender_atlas,1787917956.8620522,financial_system
A1281,0,9334423.34,lender_north,1787917956.862056,financial_system
A1282,0,31873924.1,lender_north,1787917956.86206,financial_system
A1283,493722.62,2885388.22,lender_atlas,1787917956.8620641,financial_system
A1284,268145.35,23304289.21,lender_atlas,1787917956.862069,financial_system
A1285,0,3365718.56,lender_delta,1787917956.8620732,financial_system
A1286,0,6617425.42,lender_delta,1787917956.862082,financial_system
A1287,544567.82,31269767.39,lender_prime,1787917956.862088,financial_system
A1288,0,5089953.87,lender_atlas,1787917956.862092,financial_system
A1289,590694.22,4107910.28,lender_prime,1787917956.8620958,financial_system
A1290,0,3864557.06,lender_prime,1787917956.862101,financial_system
A1291,0,2924318.08,lender_prime,1787917956.8621051,financial_system
A1292,93594.73,4685172.5,lender_delta,1787917956.862109,financial_system
A1293,0,12716406.94,lender_prime,1787917956.862113,financial_system
A1294,0,19026787.33,lender_delta,1787917956.862118,financial_system
A1295,917546.41,14417834.4,lender_delta,1787917956.862122,financial_system
A1296,0,3870469.51,lender_prime,1787917956.862127,financial_system
A1297,4142772.34,10090366.88,lender_delta,1787917956.8621309,financial_system
A1298,0,10475750.36,lender_atlas,1787917956.862135,financial_system
A1299,740085.61,9851839.65,lender_north,1787917956.86214,financial_system
A1300,0,14322655.93,lender_prime,1787917956.862144,financial_system
A1301,2664585.26,31643030.79,lender_delta,1787917956.862148,financial_system
A1302,0,18096252.65,lender_atlas,1787917956.862154,financial_system
A1303,783044.15,3362255.31,lender_delta,1787917956.862158,financial_system
A1304,0,3271330.03,lender_prime,1787917956.8621628,financial_system
A1305,1391218.36,3284557.97,lender_atlas,1787917956.862168,financial_system
A1306,0,3137141.43,lender_atlas,1787917956.862172,financial_system
A1307,0,24844053.92,lender_north,1787917956.862176,financial_system
A1308,0,3697424.21,lender_atlas,1787917956.862182,financial_system
A1309,0,5648102.46,lender_prime,1787917956.862187,financial_system
A1310,5136804.76,9392378.08,lender_north,1787917956.8621922,financial_system
A1311,2829943.87,4324312.53,lender_prime,1787917956.862197,financial_system
A1312,0,13453074.83,lender_north,1787917956.862201,financial_system
A1313,0,2297932.04,lender_prime,1787917956.862205,financial_system
A1314,0,2597215.41,lender_prime,1787917956.862209,financial_system
A1315,11902391.63,18203881.69,lender_north,1787917956.8622131,financial_system
A1316,0,7765044.35,lender_north,1787917956.862218,financial_system
A1317,4243100.44,17300234.86,lender_prime,1787917956.8622222,financial_system
A1318,3897972.88,17434193.58,lender_prime,1787917956.862228,financial_system
A1319,0,25400129.31,lender_atlas,1787917956.862232,financial_system
A1320,0,35566160.8,lender_atlas,1787917956.862236,financial_system
A1321,346898.48,2912960.89,lender_prime,1787917956.86224,financial_system
A1322,0,12675930.65,lender_delta,1787917956.8622441,financial_system
A1323,5396151.85,19214203.0,lender_delta,1787917956.862249,financial_system
A1324,0,2681079.78,lender_prime,1787917956.862253,financial_system
A1325,2582134.93,6090045.16,lender_north,1787917956.862257,financial_system
A1326,0,15028343.18,lender_atlas,1787917956.862262,financial_system
A1327,17357508.81,36534815.39,lender_delta,1787917956.862266,financial_system
A1328,0,7361855.79,lender_north,1787917956.862271,financial_system
A1329,20238567.83,28519077.02,lender_prime,1787917956.8622751,financial_system
A1330,0,6919814.12,lender_prime,1787917956.862279,financial_system
A1331,0,21844236.13,lender_delta,1787917956.862284,financial_system
A1332,0,15581952.18,lender_atlas,1787917956.8622878,financial_system
A1333,778717.98,2825069.97,lender_prime,1787917956.8623,financial_system
A1334,0,21430986.46,lender_prime,1787917956.862304,financial_system
A1335,21716064.03,30108972.22,lender_north,1787917956.862308,financial_system
A1336,10751549.53,25785575.05,lender_delta,1787917956.862313,financial_system
A1337,0,3766812.8,lender_prime,1787917956.862317,financial_system
A1338,509312.71,1583436.69,lender_delta,1787917956.8623219,financial_system
A1339,0,15036989.58,lender_atlas,1787917956.862326,financial_system
A1340,357004.62,1140161.99,lender_prime,1787917956.8623302,financial_system
A1341,126878.23,729723.12,lender_atlas,1787917956.862335,financial_system
A1342,0,14416840.83,lender_delta,1787917956.862339,financial_system
A1343,5163472.13,11912471.89,lender_north,1787917956.8623428,financial_system
A1344,0,2693898.81,lender_atlas,1787917956.8623471,financial_system
A1345,0,4469479.43,lender_atlas,1787917956.862352,financial_system
A1346,0,7072312.9,lender_prime,1787917956.862356,financial_system
A1347,0,3641353.98,lender_atlas,1787917956.8623612,financial_system
A1348,0,22875296.33,lender_atlas,1787917956.862365,financial_system
A1349,0,1146462.2,lender_atlas,1787917956.862371,financial_system
A1350,1099036.61,1744348.35,lender_atlas,1787917956.862375,financial_system
A1351,0,6912674.73,lender_prime,1787917956.86238,financial_system
A1352,0,9803125.19,lender_prime,1787917956.862386,financial_system
A1353,0,9328551.14,lender_delta,1787917956.862391,financial_system
A1354,0,33914775.0,lender_north,1787917956.8623948,financial_system
A1355,1368231.17,6765608.53,lender_north,1787917956.8624,financial_system
A1356,0,4350085.2,lender_north,1787917956.862405,financial_system
A1357,2806440.3,6355704.91,lender_north,1787917956.86241,financial_system
A1358,1902823.72,4600057.52,lender_delta,1787917956.862415,financial_system
A1359,5702739.24,7170991.73,lender_prime,1787917956.862419,financial_system
A1360,3637023.57,12139535.98,lender_delta,1787917956.8624241,financial_system
A1361,2123453.73,9089546.84,lender_atlas,1787917956.862429,financial_system
A1362,0,20819263.96,lender_north,1787917956.8624341,financial_system
A1363,0,8561151.8,lender_atlas,1787917956.862439,financial_system
A1364,0,40589434.17,lender_delta,1787917956.862444,financial_system
A1365,310439.85,4841768.9,lender_atlas,1787917956.86245,financial_system
A1366,2977440.42,9321269.85,lender_delta,1787917956.8624551,financial_system
A1367,3118573.21,5173390.54,lender_delta,1787917956.86246,financial_system
A1368,1078159.9,2521262.0,lender_atlas,1787917956.8624651,financial_system
A1369,0,2216651.16,lender_delta,1787917956.86247,financial_system
A1370,0,19800849.8,lender_north,1787917956.862475,financial_system
A1371,0,83640.82,lender_delta,1787917956.8624792,financial_system
A1372,121972.41,2382615.78,lender_atlas,1787917956.862485,financial_system
A1373,0,29036096.16,lender_delta,1787917956.8624902,financial_system
A1374,0,37361048.12,lender_delta,1787917956.862495,financial_system
A1375,0,21163038.0,lender_atlas,1787917956.8625002,financial_system
A1376,0,33427933.08,lender_north,1787917956.862505,financial_system
A1377,0,1810022.38,lender_delta,1787917956.862509,financial_system
A1378,0,12548010.1,lender_atlas,1787917956.862514,financial_system
A1379,3744244.21,15027136.37,lender_prime,1787917956.862519,financial_system
A1380,3535.15,1138625.59,lender_delta,1787917956.862528,financial_system
A1381,9664195.67,19615717.3,lender_north,1787917956.862533,financial_system
A1382,240569.5,3529044.8,lender_prime,1787917956.862539,financial_system
A1383,0,2972903.14,lender_north,1787917956.8625438,financial_system
A1384,0,12931270.14,lender_prime,1787917956.86255,financial_system
A1385,0,664768.63,lender_prime,1787917956.8625548,financial_system
A1386,12786708.87,26853174.75,lender_atlas,1787917956.86256,financial_system
A1387,0,8397486.4,lender_delta,1787917956.862565,financial_system
A1388,0,43824056.36,lender_delta,1787917956.86257,financial_system
A1389,1262003.1,5402499.43,lender_prime,1787917956.8625762,financial_system
A1390,0,1101604.15,lender_north,1787917956.862581,financial_system
A1391,5550811.76,12907349.48,lender_prime,1787917956.862586,financial_system
A1392,7681723.99,25386370.24,lender_atlas,1787917956.862591,financial_system
A1393,6471535.94,17631734.74,lender_north,1787917956.862596,financial_system
A1394,0,2189649.42,lender_delta,1787917956.862602,financial_system
A1395,0,740486.74,lender_prime,1787917956.862606,financial_system
A1396,205349.18,1980456.34,lender_north,1787917956.862612,financial_system
A1397,0,3776020.39,lender_atlas,1787917956.862617,financial_system
A1398,0,23050911.65,lender_north,1787917956.862622,financial_system
A1399,0,21472782.06,lender_north,1787917956.862627,financial_system
A1400,0,671194.71,lender_delta,1787917956.862634,financial_system
A1401,475253.92,1121956.56,lender_north,1787917956.8626401,financial_system
A1402,6655708.84,11965727.33,lender_delta,1787917956.862645,financial_system
A1403,0,3666922.01,lender_atlas,1787917956.8626502,financial_system
A1404,1057168.13,2406654.36,lender_north,1787917956.862655,financial_system
A1405,0,8649876.09,lender_delta,1787917956.862659,financial_system
A1406,236106.3,430277.4,lender_prime,1787917956.862665,financial_system
A1407,0,2184235.39,lender_north,1787917956.8626702,financial_system
A1408,602288.44,987573.01,lender_prime,1787917956.862675,financial_system
A1409,9176605.93,13065022.34,lender_north,1787917956.8626812,financial_system
A1410,2507223.12,5638240.06,lender_north,1787917956.862686,financial_system
A1411,0,7017427.05,lender_delta,1787917956.862693,financial_system
A1412,0,577398.98,lender_prime,1787917956.862698,financial_system
A1413,342078.54,856381.39,lender_delta,1787917956.862704,financial_system
A1414,0,15122214.39,lender_delta,1787917956.862709,financial_system
A1415,0,960640.02,lender_north,1787917956.862714,financial_system
A1416,4887.54,280644.75,lender_atlas,1787917956.862719,financial_system
A1417,5764376.09,15513823.58,lender_north,1787917956.862724,financial_system
A1418,0,403649.3,lender_prime,1787917956.862729,financial_system
A1419,0,25331079.95,lender_delta,1787917956.862734,financial_system
A1420,0,22205600.53,lender_prime,1787917956.862738,financial_system
A1421,8014888.7,37155536.34,lender_atlas,1787917956.862744,financial_system
A1422,0,16810598.87,lender_delta,1787917956.8627489,financial_system
A1423,0,4810850.87,lender_prime,1787917956.862754,financial_system
A1424,0,18262983.71,lender_north,1787917956.8627589,financial_system
A1425,0,20249402.01,lender_atlas,1787917956.862763,financial_system
A1426,3875925.48,5061579.01,lender_delta,1787917956.8627682,financial_system
A1427,0,8720871.13,lender_north,1787917956.8627741,financial_system
A1428,0,19030018.18,lender_prime,1787917956.8627799,financial_system
A1429,4664334.18,14040083.12,lender_delta,1787917956.862785,financial_system
A1430,0,31316799.8,lender_prime,1787917956.8627899,financial_system
A1431,0,11514565.55,lender_delta,1787917956.862794,financial_system
A1432,7403731.85,12018792.75,lender_prime,1787917956.8628,financial_system
A1433,1299964.99,3877976.01,lender_delta,1787917956.862805,financial_system
A1434,75640.74,232938.5,lender_delta,1787917956.8628101,financial_system
A1435,681281.75,1353723.63,lender_prime,1787917956.862815,financial_system
A1436,0,2423035.84,lender_atlas,1787917956.8628201,financial_system
A1437,6777603.16,22018685.53,lender_north,1787917956.862825,financial_system
A1438,0,9993833.73,lender_delta,1787917956.8628302,financial_system
A1439,3421969.76,5945615.27,lender_delta,1787917956.862835,financial_system
A1440,0,15470696.69,lender_atlas,1787917956.8628402,financial_system
A1441,106926.01,3182713.15,lender_delta,1787917956.862845,financial_system
A1442,0,359398.37,lender_prime,1787917956.86285,financial_system
A1443,11504897.84,20825982.76,lender_north,1787917956.862856,financial_system
A1444,113777.71,175910.86,lender_delta,1787917956.8628612,financial_system
A1445,0,20891894.92,lender_prime,1787917956.8628669,financial_system
A1446,888238.35,6471740.41,lender_north,1787917956.862873,financial_system
A1447,0,14641340.76,lender_north,1787917956.8628778,financial_system
A1448,0,3757511.63,lender_north,1787917956.862883,financial_system
A1449,0,21967769.72,lender_atlas,1787917956.8628879,financial_system
A1450,6687501.99,23318233.18,lender_prime,1787917956.862893,financial_system
A1451,0,1505349.3,lender_prime,1787917956.8628979,financial_system
A1452,0,5872396.36,lender_north,1787917956.862902,financial_system
A1453,0,11453663.82,lender_atlas,1787917956.862907,financial_system
A1454,0,23871970.88,lender_atlas,1787917956.862912,financial_system
A1455,343844.24,802578.01,lender_atlas,1787917956.862918,financial_system
A1456,0,16414567.21,lender_north,1787917956.862925,financial_system
A1457,0,6473174.9,lender_atlas,1787917956.862931,financial_system
A1458,375461.74,488191.75,lender_delta,1787917956.862939,financial_system
A1459,0,22510813.8,lender_atlas,1787917956.862944,financial_system
A1460,0,8661124.3,lender_prime,1787917956.8629498,financial_system
A1461,0,8821704.97,lender_atlas,1787917956.862956,financial_system
A1462,0,11531608.74,lender_north,1787917956.862962,financial_system
A1463,0,7272566.42,lender_delta,1787917956.862968,financial_system
A1464,0,1993500.87,lender_atlas,1787917956.862974,financial_system
A1465,1938770.86,12331980.97,lender_delta,1787917956.8629801,financial_system
A1466,1114032.19,3243550.71,lender_atlas,1787917956.862988,financial_system
A1467,3492983.41,15200354.49,lender_north,1787917956.862994,financial_system
A1468,0,24122580.04,lender_atlas,1787917956.8630002,financial_system
A1469,5384409.09,8297922.95,lender_atlas,1787917956.8630059,financial_system
A1470,0,4868011.13,lender_atlas,1787917956.863012,financial_system
A1471,1260479.15,1907463.58,lender_delta,1787917956.863019,financial_system
A1472,698420.12,947744.77,lender_prime,1787917956.863025,financial_system
A1473,0,3703246.38,lender_north,1787917956.8630311,financial_system
A1474,0,24861405.87,lender_north,1787917956.863039,financial_system
A1475,0,3845208.59,lender_north,1787917956.863044,financial_system
A1476,0,10364100.79,lender_atlas,1787917956.86305,financial_system
A1477,0,3811935.68,lender_prime,1787917956.863056,financial_system
A1478,0,2539132.68,lender_atlas,1787917956.863062,financial_system
A1479,0,1163530.37,lender_atlas,1787917956.863067,financial_system
A1480,12539557.01,27653302.68,lender_atlas,1787917956.863073,financial_system
A1481,0,9152389.07,lender_prime,1787917956.8630788,financial_system
A1482,0,16602448.59,lender_north,1787917956.863085,financial_system
A1483,0,34634371.47,lender_prime,1787917956.863091,financial_system
A1484,0,29439676.95,lender_atlas,1787917956.8630972,financial_system
A1485,0,7341242.3,lender_north,1787917956.863103,financial_system
A1486,86995.94,1280404.65,lender_north,1787917956.8631098,financial_system
A1487,0,1026880.29,lender_north,1787917956.863116,financial_system
A1488,0,17833179.71,lender_delta,1787917956.863122,financial_system
A1489,0,3312159.83,lender_north,1787917956.8631291,financial_system
A1490,0,13105657.09,lender_delta,1787917956.8631349,financial_system
A1491,0,30950875.14,lender_delta,1787917956.8631418,financial_system
A1492,0,23724933.59,lender_north,1787917956.863147,financial_system
A1493,0,11036108.07,lender_delta,1787917956.863153,financial_system
A1494,3670595.81,15090713.35,lender_prime,1787917956.8631601,financial_system
A1495,0,3644980.13,lender_prime,1787917956.8631659,financial_system
A1496,0,8422948.71,lender_prime,1787917956.863172,financial_system
A1497,53210.45,189692.46,lender_north,1787917956.863179,financial_system
A1498,0,17819439.51,lender_delta,1787917956.863185,financial_system
A1499,0,19438160.46,lender_delta,1787917956.86319,financial_system
A1500,0,1308559.81,lender_atlas,1787917956.863196,financial_system
A1501,0,11045913.03,lender_north,1787917956.863202,financial_system
A1502,666296.0,1341799.54,lender_north,1787917956.86321,financial_system
A1503,287986.46,510423.67,lender_atlas,1787917956.8632152,financial_system
A1504,0,16389301.52,lender_prime,1787917956.863223,financial_system
A1505,0,14830551.66,lender_atlas,1787917956.86323,financial_system
A1506,0,31037734.96,lender_prime,1787917956.8632362,financial_system
A1507,0,18242944.27,lender_atlas,1787917956.863241,financial_system
A1508,0,11292475.46,lender_prime,1787917956.8632479,financial_system
A1509,0,9364099.1,lender_atlas,1787917956.8632529,financial_system
A1510,0,10052774.47,lender_delta,1787917956.8632598,financial_system
A1511,0,21526672.39,lender_delta,1787917956.863266,financial_system
A1512,3370548.78,26090373.1,lender_delta,1787917956.863272,financial_system
A1513,8685102.16,22197167.78,lender_prime,1787917956.8632782,financial_system
A1514,0,3161390.23,lender_prime,1787917956.8632839,financial_system
A1515,0,16367781.64,lender_atlas,1787917956.863289,financial_system
A1516,1198728.91,4186854.72,lender_atlas,1787917956.863296,financial_system
A1517,0,2085208.38,lender_atlas,1787917956.863301,financial_system
A1518,0,9802196.65,lender_north,1787917956.863307,financial_system
A1519,1996031.69,18993253.55,lender_north,1787917956.863313,financial_system
A1520,0,30109721.03,lender_delta,1787917956.8633192,financial_system
A1521,0,10798324.73,lender_atlas,1787917956.863327,financial_system
A1522,57025.41,433938.56,lender_atlas,1787917956.863334,financial_system
A1523,15472613.46,22553993.34,lender_delta,1787917956.863339,financial_system
A1524,0,2937754.56,lender_prime,1787917956.8633459,financial_system
A1525,0,5930493.25,lender_delta,1787917956.863352,financial_system
A1526,0,4107298.14,lender_prime,1787917956.863358,financial_system
A1527,4444642.46,10008568.01,lender_prime,1787917956.863364,financial_system
A1528,0,24449752.86,lender_north,1787917956.86337,financial_system
A1529,643730.24,1485169.85,lender_north,1787917956.86338,financial_system
A1530,1608586.48,14063460.1,lender_north,1787917956.8633862,financial_system
A1531,6344198.09,9475977.73,lender_atlas,1787917956.863393,financial_system
A1532,0,32107030.51,lender_north,1787917956.863399,financial_system
A1533,0,1040374.82,lender_atlas,1787917956.863404,financial_system
A1534,0,15640697.72,lender_prime,1787917956.86341,financial_system
A1535,0,15911566.76,lender_delta,1787917956.8634171,financial_system
A1536,0,6283889.56,lender_delta,1787917956.863424,financial_system
A1537,0,15675632.12,lender_delta,1787917956.8634298,financial_system
A1538,0,19527300.62,lender_delta,1787917956.863436,financial_system
A1539,3262427.84,14547092.4,lender_delta,1787917956.863442,financial_system
A1540,0,5839622.06,lender_atlas,1787917956.8634481,financial_system
A1541,968818.85,4343256.56,lender_atlas,1787917956.8634539,financial_system
A1542,6208631.66,14330706.51,lender_delta,1787917956.863461,financial_system
A1543,0,9889272.18,lender_prime,1787917956.863467,financial_system
A1544,1228330.16,2156024.31,lender_north,1787917956.863474,financial_system
A1545,604653.84,909159.56,lender_delta,1787917956.86348,financial_system
A1546,0,11627034.29,lender_north,1787917956.863486,financial_system
A1547,373393.07,3340147.84,lender_atlas,1787917956.863492,financial_system
A1548,0,13718343.0,lender_north,1787917956.863498,financial_system
A1549,0,1070665.76,lender_delta,1787917956.863504,financial_system
A1550,1620302.16,23745828.48,lender_delta,1787917956.863511,financial_system
A1551,0,1090443.79,lender_delta,1787917956.8635159,financial_system
A1552,0,8287902.34,lender_prime,1787917956.8635242,financial_system
A1553,0,21204079.34,lender_delta,1787917956.86353,financial_system
A1554,477122.06,3783614.78,lender_delta,1787917956.8635368,financial_system
A1555,30775.2,43104.91,lender_delta,1787917956.863543,financial_system
A1556,328507.75,746931.4,lender_prime,1787917956.86355,financial_system
A1557,12447311.12,16711555.82,lender_north,1787917956.8635561,financial_system
A1558,99309.22,1271970.1,lender_prime,1787917956.8635619,financial_system
A1559,0,2885232.89,lender_atlas,1787917956.8635678,financial_system
A1560,2165720.39,4733022.6,lender_prime,1787917956.863574,financial_system
A1561,2701397.01,4118892.91,lender_prime,1787917956.863581,financial_system
A1562,0,15093796.05,lender_delta,1787917956.8635871,financial_system
A1563,18570494.8,29568021.16,lender_prime,1787917956.8635929,financial_system
A1564,19104.16,2269566.17,lender_delta,1787917956.8636,financial_system
A1565,2655220.94,3704126.12,lender_prime,1787917956.863606,financial_system
A1566,7303025.33,24205520.84,lender_prime,1787917956.863612,financial_system
A1567,0,1379755.75,lender_atlas,1787917956.86362,financial_system
A1568,0,6349470.6,lender_north,1787917956.863625,financial_system
A1569,12564296.58,25083759.57,lender_atlas,1787917956.863632,financial_system
A1570,1346460.4,7844217.5,lender_atlas,1787917956.863638,financial_system
A1571,0,1514736.08,lender_atlas,1787917956.863643,financial_system
A1572,0,24009232.89,lender_prime,1787917956.8636491,financial_system
A1573,0,281323.19,lender_atlas,1787917956.8636549,financial_system
A1574,0,9574664.46,lender_prime,1787917956.863662,financial_system
A1575,0,2984753.48,lender_north,1787917956.863668,financial_system
A1576,1465445.05,13269069.71,lender_atlas,1787917956.8636742,financial_system
A1577,0,19515164.55,lender_delta,1787917956.86368,financial_system
A1578,0,18676515.68,lender_delta,1787917956.8636858,financial_system
A1579,741064.78,1771753.97,lender_atlas,1787917956.863693,financial_system
A1580,329363.42,2555142.3,lender_atlas,1787917956.8637,financial_system
A1581,0,3015990.0,lender_north,1787917956.863706,financial_system
A1582,3191749.57,6056560.89,lender_atlas,1787917956.863713,financial_system
A1583,901754.89,12829405.94,lender_north,1787917956.86372,financial_system
A1584,0,18855011.51,lender_delta,1787917956.8637261,financial_system
A1585,886787.06,6656992.01,lender_delta,1787917956.8637319,financial_system
A1586,0,1385250.76,lender_atlas,1787917956.863737,financial_system
A1587,0,10379958.72,lender_prime,1787917956.863744,financial_system
A1588,0,9264193.72,lender_delta,1787917956.863749,financial_system
A1589,3056587.51,5055130.37,lender_delta,1787917956.863756,financial_system
A1590,0,11734982.35,lender_prime,1787917956.863762,financial_system
A1591,925255.83,1639567.17,lender_delta,1787917956.863768,financial_system
A1592,0,1172714.53,lender_north,1787917956.863777,financial_system
A1593,1939228.73,8447905.75,lender_delta,1787917956.8637838,financial_system
A1594,0,1326476.33,lender_north,1787917956.86379,financial_system
A1595,0,17151175.37,lender_north,1787917956.863795,financial_system
A1596,2791995.71,11370988.98,lender_delta,1787917956.8638022,financial_system
A1597,0,25294824.36,lender_north,1787917956.863808,financial_system
A1598,0,327380.92,lender_prime,1787917956.8638148,financial_system
A1599,1447602.19,6153464.2,lender_delta,1787917956.863822,financial_system
A1600,0,14421217.32,lender_north,1787917956.863827,financial_system
A1601,0,3197345.2,lender_atlas,1787917956.8638332,financial_system
A1602,0,30927287.36,lender_delta,1787917956.863839,financial_system
A1603,0,20816534.55,lender_delta,1787917956.863845,financial_system
A1604,0,1187458.81,lender_atlas,1787917956.8638499,financial_system
A1605,0,8959593.81,lender_north,1787917956.863856,financial_system
A1606,0,5312690.6,lender_north,1787917956.863862,financial_system
A1607,0,6738077.74,lender_north,1787917956.863868,financial_system
A1608,0,24905382.46,lender_prime,1787917956.863874,financial_system
A1609,0,22673000.33,lender_delta,1787917956.86388,financial_system
A1610,0,622873.77,lender_delta,1787917956.863886,financial_system
A1611,0,11286577.7,lender_delta,1787917956.863891,financial_system
A1612,0,4497223.62,lender_atlas,1787917956.863897,financial_system
A1613,1279519.04,11353488.97,lender_north,1787917956.863903,financial_system
A1614,5478483.0,10417892.62,lender_north,1787917956.863911,financial_system
A1615,0,14280658.78,lender_delta,1787917956.863917,financial_system
A1616,0,3800166.11,lender_delta,1787917956.8639228,financial_system
A1617,0,30941781.35,lender_prime,1787917956.863929,financial_system
A1618,0,24995043.64,lender_delta,1787917956.863935,financial_system
A1619,0,16176360.45,lender_delta,1787917956.8639412,financial_system
A1620,0,8688199.89,lender_prime,1787917956.863947,financial_system
A1621,0,2982286.62,lender_prime,1787917956.8639529,financial_system
A1622,38198.56,75438.94,lender_atlas,1787917956.86396,financial_system
A1623,91071.46,191436.34,lender_atlas,1787917956.863967,financial_system
A1624,0,10963867.14,lender_prime,1787917956.8639731,financial_system
A1625,369041.45,1497637.42,lender_delta,1787917956.863979,financial_system
A1626,11365320.11,26044127.5,lender_prime,1787917956.863986,financial_system
A1627,6480807.81,11751399.54,lender_north,1787917956.863992,financial_system
A1628,11713376.32,20452767.6,lender_north,1787917956.863999,financial_system
A1629,293164.51,10302005.9,lender_north,1787917956.8640058,financial_system
A1630,444570.54,1413825.08,lender_atlas,1787917956.864013,financial_system
A1631,16968145.15,22895693.66,lender_delta,1787917956.8640199,financial_system
A1632,122754.49,1532615.47,lender_delta,1787917956.864026,financial_system
A1633,0,27404577.89,lender_north,1787917956.864032,financial_system
A1634,4113288.88,17701701.24,lender_atlas,1787917956.864038,financial_system
A1635,206879.31,1001738.16,lender_north,1787917956.864044,financial_system
A1636,0,5623549.37,lender_atlas,1787917956.864049,financial_system
A1637,0,421072.4,lender_delta,1787917956.8640552,financial_system
A1638,0,2717500.19,lender_delta,1787917956.8640609,financial_system
A1639,140629.17,7013313.64,lender_north,1787917956.864067,financial_system
A1640,0,10100672.28,lender_atlas,1787917956.864074,financial_system
A1641,0,16892671.64,lender_atlas,1787917956.864079,financial_system
A1642,10772892.71,25846576.7,lender_delta,1787917956.864085,financial_system
A1643,519280.45,8005735.92,lender_atlas,1787917956.864091,financial_system
A1644,1265003.47,8409544.09,lender_north,1787917956.864098,financial_system
A1645,0,562209.52,lender_prime,1787917956.864104,financial_system
A1646,0,5892475.27,lender_north,1787917956.86411,financial_system
A1647,1828012.33,19202828.19,lender_north,1787917956.864116,financial_system
A1648,0,23942811.26,lender_prime,1787917956.8641222,financial_system
A1649,298811.26,1141336.01,lender_delta,1787917956.864128,financial_system
A1650,7014450.99,9011299.89,lender_prime,1787917956.8641338,financial_system
A1651,0,3366839.47,lender_prime,1787917956.86414,financial_system
A1652,0,23552520.75,lender_atlas,1787917956.864146,financial_system
A1653,0,21100316.82,lender_north,1787917956.864152,financial_system
A1654,0,21443463.29,lender_north,1787917956.864158,financial_system
A1655,0,5479594.79,lender_delta,1787917956.864164,financial_system
A1656,217931.24,1691477.56,lender_delta,1787917956.86417,financial_system
A1657,0,3280857.48,lender_prime,1787917956.864176,financial_system
A1658,0,10162997.3,lender_delta,1787917956.864182,financial_system
A1659,0,21347221.76,lender_atlas,1787917956.8641868,financial_system
A1660,1133247.87,2594173.31,lender_atlas,1787917956.8641942,financial_system
A1661,0,4707045.62,lender_delta,1787917956.864201,financial_system
A1662,0,568617.25,lender_prime,1787917956.864207,financial_system
A1663,1866439.03,3229107.08,lender_prime,1787917956.864213,financial_system
A1664,0,1026837.16,lender_atlas,1787917956.864219,financial_system
A1665,0,737623.43,lender_north,1787917956.864225,financial_system
A1666,0,9272557.69,lender_north,1787917956.8642318,financial_system
A1667,0,5249077.46,lender_atlas,1787917956.864237,financial_system
A1668,0,6720519.47,lender_north,1787917956.864244,financial_system
A1669,1963848.08,8763641.03,lender_prime,1787917956.8642502,financial_system
A1670,12936.99,50537.24,lender_north,1787917956.864256,financial_system
A1671,0,24936512.46,lender_atlas,1787917956.8642619,financial_system
A1672,6834814.11,22001102.98,lender_north,1787917956.864269,financial_system
A1673,0,16304506.61,lender_delta,1787917956.864275,financial_system
A1674,0,2374774.79,lender_atlas,1787917956.8642812,financial_system
A1675,1023822.57,9667051.53,lender_atlas,1787917956.864288,financial_system
A1676,0,8766430.86,lender_atlas,1787917956.864295,financial_system
A1677,3641914.82,9601122.68,lender_prime,1787917956.8643022,financial_system
A1678,0,17278769.72,lender_prime,1787917956.8643079,financial_system
A1679,225221.5,400280.75,lender_delta,1787917956.864314,financial_system
A1680,0,10513279.49,lender_atlas,1787917956.86432,financial_system
A1681,0,12385341.75,lender_north,1787917956.864326,financial_system
A1682,0,21243581.13,lender_atlas,1787917956.864332,financial_system
A1683,0,1109598.16,lender_atlas,1787917956.8643389,financial_system
A1684,0,1373118.03,lender_north,1787917956.864345,financial_system
A1685,1406011.07,6147426.15,lender_north,1787917956.864352,financial_system
A1686,0,131965.45,lender_delta,1787917956.864358,financial_system
A1687,0,8725773.63,lender_atlas,1787917956.864363,financial_system
A1688,2666009.61,34910499.77,lender_delta,1787917956.8643699,financial_system
A1689,662711.91,3922029.95,lender_prime,1787917956.864377,financial_system
A1690,0,1821711.92,lender_north,1787917956.864383,financial_system
A1691,0,1892216.37,lender_north,1787917956.8643892,financial_system
A1692,14123674.51,42256389.5,lender_north,1787917956.864396,financial_system
A1693,479498.52,3024760.22,lender_north,1787917956.864403,financial_system
A1694,489722.8,8949697.27,lender_prime,1787917956.864409,financial_system
A1695,125483.51,1186662.72,lender_prime,1787917956.864415,financial_system
A1696,0,5915230.59,lender_atlas,1787917956.8644211,financial_system
A1697,0,15831714.6,lender_delta,1787917956.864428,financial_system
A1698,0,16855791.0,lender_atlas,1787917956.864434,financial_system
A1699,0,3213302.75,lender_atlas,1787917956.864439,financial_system
A1700,1937182.31,4393375.31,lender_prime,1787917956.864446,financial_system
A1701,155762.41,1913764.44,lender_atlas,1787917956.8644521,financial_system
A1702,9015977.48,18492481.1,lender_prime,1787917956.864458,financial_system
A1703,3887593.31,7172401.91,lender_prime,1787917956.8644638,financial_system
A1704,0,9009512.52,lender_prime,1787917956.86447,financial_system
A1705,0,1232889.85,lender_prime,1787917956.864476,financial_system
A1706,0,291704.56,lender_north,1787917956.8644822,financial_system
A1707,0,10590090.07,lender_north,1787917956.864488,financial_system
A1708,5717094.29,11818049.95,lender_north,1787917956.8644962,financial_system
A1709,3031397.46,8639239.89,lender_prime,1787917956.864502,financial_system
A1710,8265736.19,21807241.59,lender_delta,1787917956.8645089,financial_system
A1711,0,3597633.06,lender_atlas,1787917956.864515,financial_system
A1712,1630903.86,4267611.92,lender_delta,1787917956.864523,financial_system
A1713,2576904.27,11506542.49,lender_atlas,1787917956.864529,financial_system
A1714,0,10242305.86,lender_north,1787917956.864535,financial_system
A1715,7006287.41,13704209.05,lender_north,1787917956.8645408,financial_system
A1716,0,16825104.29,lender_atlas,1787917956.8645482,financial_system
A1717,0,18002045.16,lender_delta,1787917956.864553,financial_system
A1718,0,9698462.67,lender_north,1787917956.8645601,financial_system
A1719,0,29167831.66,lender_prime,1787917956.864565,financial_system
A1720,0,3113533.74,lender_north,1787917956.8645709,financial_system
A1721,0,5671511.78,lender_atlas,1787917956.864577,financial_system
A1722,0,16287001.88,lender_atlas,1787917956.864584,financial_system
A1723,0,4551227.33,lender_north,1787917956.8645911,financial_system
A1724,4528154.63,12110731.54,lender_north,1787917956.864597,financial_system
A1725,0,3160045.77,lender_prime,1787917956.8646028,financial_system
A1726,3356027.43,5124569.0,lender_atlas,1787917956.86461,financial_system
A1727,8849000.26,23120553.49,lender_atlas,1787917956.864616,financial_system
A1728,7935399.93,16051264.5,lender_delta,1787917956.864622,financial_system
A1729,0,3111793.25,lender_north,1787917956.864628,financial_system
A1730,0,29972143.31,lender_atlas,1787917956.864634,financial_system
A1731,1359929.77,8773829.52,lender_north,1787917956.86464,financial_system
A1732,0,15504088.98,lender_north,1787917956.864645,financial_system
A1733,0,1527510.16,lender_atlas,1787917956.864651,financial_system
A1734,296377.61,6514134.59,lender_atlas,1787917956.864657,financial_system
A1735,8007112.83,21710559.93,lender_delta,1787917956.8646631,financial_system
A1736,0,28194922.09,lender_north,1787917956.8646688,financial_system
A1737,0,5871715.47,lender_north,1787917956.8646772,financial_system
A1738,3848833.84,7183709.4,lender_prime,1787917956.864683,financial_system
A1739,0,312466.77,lender_atlas,1787917956.8646898,financial_system
A1740,0,21299353.05,lender_delta,1787917956.864696,financial_system
A1741,0,24097510.82,lender_prime,1787917956.864702,financial_system
A1742,11266804.92,20877618.22,lender_prime,1787917956.8647082,financial_system
A1743,0,21695665.82,lender_north,1787917956.864714,financial_system
A1744,1398927.97,6248210.03,lender_north,1787917956.8647199,financial_system
A1745,0,8801970.63,lender_atlas,1787917956.864726,financial_system
A1746,370158.25,1307562.8,lender_delta,1787917956.8647318,financial_system
A1747,64332.88,396582.12,lender_prime,1787917956.864738,financial_system
A1748,0,31180071.37,lender_atlas,1787917956.864745,financial_system
A1749,0,10000477.37,lender_north,1787917956.864751,financial_system
A1750,1511602.75,6655987.46,lender_prime,1787917956.864758,financial_system
A1751,2370949.58,6289098.86,lender_prime,1787917956.864764,financial_system
A1752,0,23449521.46,lender_prime,1787917956.86477,financial_system
A1753,0,3411730.94,lender_north,1787917956.864776,financial_system
A1754,3291103.91,6664469.75,lender_north,1787917956.864782,financial_system
A1755,0,3278993.05,lender_prime,1787917956.864789,financial_system
A1756,2550325.35,4651360.66,lender_prime,1787917956.864795,financial_system
A1757,3515744.5,4997155.47,lender_north,1787917956.8648078,financial_system
A1758,573934.2,1192298.32,lender_delta,1787917956.864815,financial_system
A1759,0,15856999.24,lender_atlas,1787917956.86482,financial_system
A1760,0,183848.01,lender_atlas,1787917956.86483,financial_system
A1761,0,6955486.42,lender_delta,1787917956.864838,financial_system
A1762,0,24145023.13,lender_prime,1787917956.864844,financial_system
A1763,0,32146485.64,lender_delta,1787917956.8648498,financial_system
A1764,768153.16,4868755.4,lender_north,1787917956.864856,financial_system
A1765,9284506.88,17747906.22,lender_prime,1787917956.864862,financial_system
A1766,0,1762872.74,lender_atlas,1787917956.8648682,financial_system
A1767,475542.21,3526654.45,lender_north,1787917956.864874,financial_system
A1768,0,30082678.97,lender_atlas,1787917956.8648808,financial_system
A1769,0,7775878.22,lender_north,1787917956.864887,financial_system
A1770,18545190.46,34062315.5,lender_atlas,1787917956.864894,financial_system
A1771,0,609715.15,lender_north,1787917956.8649,financial_system
A1772,4024130.5,8246538.67,lender_prime,1787917956.864906,financial_system
A1773,0,3336052.76,lender_delta,1787917956.8649118,financial_system
A1774,0,23633202.0,lender_prime,1787917956.864918,financial_system
A1775,4003643.35,9370457.37,lender_delta,1787917956.864924,financial_system
A1776,0,13401897.79,lender_prime,1787917956.8649302,financial_system
A1777,0,15506999.08,lender_prime,1787917956.8649359,financial_system
A1778,4421257.36,8726458.39,lender_atlas,1787917956.864942,financial_system
A1779,2878872.68,5589513.99,lender_north,1787917956.864948,financial_system
A1780,0,1410876.46,lender_prime,1787917956.864955,financial_system
A1781,0,2520380.98,lender_prime,1787917956.864961,financial_system
A1782,0,3532830.82,lender_atlas,1787917956.8649669,financial_system
A1783,0,22655640.34,lender_north,1787917956.864973,financial_system
A1784,0,21949850.01,lender_atlas,1787917956.864979,financial_system
A1785,0,26870813.88,lender_delta,1787917956.864984,financial_system
A1786,0,11322421.03,lender_atlas,1787917956.864991,financial_system
A1787,0,25677811.92,lender_north,1787917956.8649971,financial_system
A1788,4985402.97,40210285.56,lender_atlas,1787917956.865003,financial_system
A1789,688870.42,3363203.5,lender_atlas,1787917956.8650088,financial_system
A1790,1223204.89,2210310.89,lender_delta,1787917956.865016,financial_system
A1791,0,4133007.65,lender_prime,1787917956.865022,financial_system
A1792,18453065.75,26135093.29,lender_atlas,1787917956.8650281,financial_system
A1793,0,26802142.15,lender_delta,1787917956.865035,financial_system
A1794,36298.03,1188585.97,lender_atlas,1787917956.8650408,financial_system
A1795,0,37238326.41,lender_delta,1787917956.865047,financial_system
A1796,1058595.5,12449364.89,lender_prime,1787917956.865053,financial_system
A1797,182119.68,1512340.1,lender_prime,1787917956.86506,financial_system
A1798,0,22022562.98,lender_atlas,1787917956.865066,financial_system
A1799,0,10356663.47,lender_north,1787917956.865071,financial_system
A1800,1562303.51,4561113.9,lender_delta,1787917956.865078,financial_system
A1801,50028.93,279209.5,lender_delta,1787917956.865085,financial_system
A1802,6506792.01,29532638.1,lender_north,1787917956.865092,financial_system
A1803,0,3390410.11,lender_prime,1787917956.865098,financial_system
A1804,1678404.21,5960708.22,lender_delta,1787917956.865104,financial_system
A1805,1168624.27,1992724.1,lender_atlas,1787917956.86511,financial_system
A1806,0,34573219.75,lender_atlas,1787917956.865116,financial_system
A1807,0,11042882.22,lender_prime,1787917956.865122,financial_system
A1808,0,17520718.83,lender_prime,1787917956.865128,financial_system
A1809,0,3638356.61,lender_atlas,1787917956.865133,financial_system
A1810,0,24495329.78,lender_prime,1787917956.865139,financial_system
A1811,716008.07,12181107.85,lender_atlas,1787917956.8651452,financial_system
A1812,0,8502542.97,lender_prime,1787917956.865151,financial_system
A1813,735181.88,1153247.97,lender_prime,1787917956.8651571,financial_system
A1814,0,6851436.9,lender_north,1787917956.865163,financial_system
A1815,1254899.18,6907266.96,lender_prime,1787917956.86517,financial_system
A1816,0,12606484.39,lender_delta,1787917956.865176,financial_system
A1817,1946356.72,4032092.52,lender_prime,1787917956.865182,financial_system
A1818,0,19180133.64,lender_atlas,1787917956.865189,financial_system
A1819,9424309.57,19287026.68,lender_delta,1787917956.865195,financial_system
A1820,0,14124852.52,lender_prime,1787917956.865201,financial_system
A1821,0,7707317.01,lender_prime,1787917956.865207,financial_system
A1822,1089210.97,5688422.24,lender_prime,1787917956.865213,financial_system
A1823,0,7021225.66,lender_delta,1787917956.865219,financial_system
A1824,8247275.96,24058569.13,lender_prime,1787917956.865225,financial_system
A1825,80180.89,288025.21,lender_north,1787917956.865232,financial_system
A1826,0,27777276.08,lender_atlas,1787917956.865238,financial_system
A1827,0,13626744.44,lender_prime,1787917956.865244,financial_system
A1828,0,1608893.61,lender_atlas,1787917956.865249,financial_system
A1829,8964346.85,17087879.55,lender_north,1787917956.8652558,financial_system
A1830,501966.47,2854637.21,lender_atlas,1787917956.865262,financial_system
A1831,1480467.56,9908630.37,lender_north,1787917956.865268,financial_system
A1832,0,1522909.49,lender_prime,1787917956.8652742,financial_system
A1833,0,370802.38,lender_north,1787917956.865282,financial_system
A1834,0,2077794.97,lender_north,1787917956.865288,financial_system
A1835,882280.39,3041337.95,lender_delta,1787917956.865294,financial_system
A1836,0,6320965.97,lender_prime,1787917956.8653,financial_system
A1837,1460254.25,5682458.31,lender_atlas,1787917956.8653061,financial_system
A1838,0,22246241.94,lender_north,1787917956.865312,financial_system
A1839,0,6613828.99,lender_atlas,1787917956.865317,financial_system
A1840,0,8749352.8,lender_prime,1787917956.865324,financial_system
A1841,0,20719526.14,lender_prime,1787917956.8653288,financial_system
A1842,664112.46,2265908.83,lender_north,1787917956.8653362,financial_system
A1843,9312163.4,18783695.77,lender_prime,1787917956.865342,financial_system
A1844,4123057.73,13866349.35,lender_delta,1787917956.8653498,financial_system
A1845,0,33457.43,lender_prime,1787917956.865356,financial_system
A1846,0,9357506.44,lender_north,1787917956.865362,financial_system
A1847,0,15630713.0,lender_delta,1787917956.8653681,financial_system
A1848,626687.38,7379430.6,lender_delta,1787917956.865376,financial_system
A1849,12820183.33,26876028.38,lender_atlas,1787917956.865382,financial_system
A1850,0,166841.1,lender_delta,1787917956.865388,financial_system
A1851,66005.52,839709.53,lender_atlas,1787917956.8653939,financial_system
A1852,0,32769770.26,lender_delta,1787917956.8654,financial_system
A1853,0,22988615.34,lender_prime,1787917956.865406,financial_system
A1854,12256487.56,30439186.13,lender_atlas,1787917956.8654132,financial_system
A1855,0,7833724.82,lender_delta,1787917956.865418,financial_system
A1856,0,63399.47,lender_north,1787917956.865424,financial_system
A1857,0,7802954.43,lender_atlas,1787917956.86543,financial_system
A1858,0,30414736.69,lender_prime,1787917956.8654358,financial_system
A1859,0,4849902.22,lender_delta,1787917956.865442,financial_system
A1860,0,4688201.79,lender_prime,1787917956.865452,financial_system
A1861,0,1694270.5,lender_prime,1787917956.865462,financial_system
A1862,0,27233150.92,lender_atlas,1787917956.865469,financial_system
A1863,1405103.79,3274450.34,lender_prime,1787917956.8654761,financial_system
A1864,0,1792235.13,lender_atlas,1787917956.865484,financial_system
A1865,0,13735161.27,lender_north,1787917956.865489,financial_system
A1866,0,5469789.84,lender_north,1787917956.865495,financial_system
A1867,0,1593145.96,lender_north,1787917956.865501,financial_system
A1868,647709.87,1274548.34,lender_north,1787917956.8655071,financial_system
A1869,1937439.92,7900761.29,lender_atlas,1787917956.865514,financial_system
A1870,0,12738739.56,lender_prime,1787917956.8655202,financial_system
A1871,0,5210106.94,lender_delta,1787917956.865525,financial_system
A1872,0,23677679.63,lender_north,1787917956.865531,financial_system
A1873,549155.34,3335386.77,lender_prime,1787917956.865537,financial_system
A1874,0,3084387.42,lender_atlas,1787917956.865543,financial_system
A1875,2374251.59,6623076.78,lender_north,1787917956.865549,financial_system
A1876,1548689.96,2042254.75,lender_delta,1787917956.865555,financial_system
A1877,0,22924636.62,lender_north,1787917956.865561,financial_system
A1878,0,15341748.14,lender_north,1787917956.865568,financial_system
A1879,26267.8,1255032.14,lender_delta,1787917956.8655748,financial_system
A1880,0,10776632.6,lender_delta,1787917956.865581,financial_system
A1881,0,988470.54,lender_north,1787917956.865587,financial_system
A1882,7742533.76,19142057.79,lender_north,1787917956.8655932,financial_system
A1883,0,10057379.96,lender_prime,1787917956.865599,financial_system
A1884,1755292.77,5706158.67,lender_delta,1787917956.8656058,financial_system
A1885,4943811.26,12317009.39,lender_north,1787917956.865612,financial_system
A1886,0,2702416.33,lender_north,1787917956.865618,financial_system
A1887,0,23289285.72,lender_north,1787917956.865623,financial_system
A1888,646000.04,8780311.98,lender_prime,1787917956.865629,financial_system
A1889,0,4227765.65,lender_atlas,1787917956.8656352,financial_system
A1890,0,1253941.62,lender_north,1787917956.8656409,financial_system
A1891,0,23010144.48,lender_atlas,1787917956.865647,financial_system
A1892,0,24852739.79,lender_prime,1787917956.865654,financial_system
A1893,0,2763772.81,lender_north,1787917956.86566,financial_system
A1894,0,33321710.21,lender_atlas,1787917956.8656662,financial_system
A1895,0,11563775.33,lender_delta,1787917956.865673,financial_system
A1896,0,9252387.56,lender_prime,1787917956.865679,financial_system
A1897,0,3407810.32,lender_atlas,1787917956.865685,financial_system
A1898,0,251379.04,lender_prime,1787917956.86569,financial_system
A1899,8921905.67,16059043.18,lender_prime,1787917956.865697,financial_system
A1900,0,10501662.44,lender_prime,1787917956.865705,financial_system
A1901,0,15111014.98,lender_atlas,1787917956.8657112,financial_system
A1902,1966760.28,2846574.09,lender_atlas,1787917956.865717,financial_system
A1903,0,1823332.44,lender_prime,1787917956.865723,financial_system
A1904,0,18822449.66,lender_delta,1787917956.865728,financial_system
A1905,0,42105465.65,lender_north,1787917956.8657339,financial_system
A1906,0,18605280.23,lender_prime,1787917956.86574,financial_system
A1907,0,10992243.75,lender_north,1787917956.865746,financial_system
A1908,0,620844.13,lender_atlas,1787917956.865752,financial_system
A1909,0,1143485.14,lender_delta,1787917956.865758,financial_system
A1910,4660507.3,9787042.41,lender_north,1787917956.8657641,financial_system
A1911,5129827.82,13739685.46,lender_delta,1787917956.865771,financial_system
A1912,910553.19,1230645.57,lender_north,1787917956.865778,financial_system
A1913,1924126.33,20646292.02,lender_north,1787917956.8657842,financial_system
A1914,0,3171154.04,lender_prime,1787917956.86579,financial_system
A1915,0,3058463.82,lender_delta,1787917956.865796,financial_system
A1916,2289030.98,29741434.8,lender_atlas,1787917956.865802,financial_system
A1917,2643577.18,35609083.62,lender_prime,1787917956.865809,financial_system
A1918,0,16830955.82,lender_atlas,1787917956.865816,financial_system
A1919,218482.51,478070.87,lender_north,1787917956.8658218,financial_system
A1920,0,15126386.21,lender_prime,1787917956.865828,financial_system
A1921,0,10262367.57,lender_atlas,1787917956.865834,financial_system
A1922,0,20222748.99,lender_north,1787917956.865839,financial_system
A1923,2200717.83,3319515.77,lender_prime,1787917956.865845,financial_system
A1924,1467073.94,2524233.55,lender_delta,1787917956.865851,financial_system
A1925,6933923.63,20774405.71,lender_prime,1787917956.8658571,financial_system
A1926,0,3863711.66,lender_delta,1787917956.865865,financial_system
A1927,0,1257481.32,lender_prime,1787917956.865872,financial_system
A1928,0,32469814.83,lender_north,1787917956.865878,financial_system
A1929,0,7732522.23,lender_atlas,1787917956.865885,financial_system
A1930,0,39401071.7,lender_delta,1787917956.865891,financial_system
A1931,0,30795504.28,lender_delta,1787917956.865898,financial_system
A1932,1641673.95,6785001.85,lender_delta,1787917956.8659048,financial_system
A1933,0,530013.47,lender_delta,1787917956.865911,financial_system
A1934,0,19281571.58,lender_prime,1787917956.865918,financial_system
A1935,1327796.37,4159518.94,lender_prime,1787917956.8659241,financial_system
A1936,8962840.47,26657421.32,lender_prime,1787917956.865931,financial_system
A1937,728593.45,1409090.5,lender_prime,1787917956.865939,financial_system
A1938,321673.57,1174385.18,lender_delta,1787917956.865946,financial_system
A1939,0,695778.12,lender_delta,1787917956.865953,financial_system
A1940,1857314.71,4487222.82,lender_delta,1787917956.86596,financial_system
A1941,0,8413293.47,lender_atlas,1787917956.865966,financial_system
A1942,0,4604873.66,lender_delta,1787917956.866007,financial_system
A1943,0,597242.18,lender_north,1787917956.8660128,financial_system
A1944,0,10461191.27,lender_delta,1787917956.8660202,financial_system
A1945,6082080.54,10753062.9,lender_north,1787917956.866027,financial_system
A1946,0,47636007.45,lender_north,1787917956.8660328,financial_system
A1947,0,32167647.35,lender_atlas,1787917956.86604,financial_system
A1948,1545322.78,16880507.94,lender_delta,1787917956.866047,financial_system
A1949,1149582.5,5584066.8,lender_prime,1787917956.866053,financial_system
A1950,0,3207416.38,lender_north,1787917956.86606,financial_system
A1951,12304512.28,40970051.16,lender_prime,1787917956.866066,financial_system
A1952,0,28901889.02,lender_north,1787917956.8660731,financial_system
A1953,0,4691201.01,lender_north,1787917956.86608,financial_system
A1954,50123.99,885574.1,lender_atlas,1787917956.866087,financial_system
A1955,0,21348572.0,lender_prime,1787917956.866095,financial_system
A1956,1209546.07,2220221.26,lender_north,1787917956.866102,financial_system
A1957,0,2049783.45,lender_atlas,1787917956.8661098,financial_system
A1958,3190707.77,24724069.8,lender_atlas,1787917956.8661172,financial_system
A1959,4587305.25,11658075.72,lender_delta,1787917956.866124,financial_system
A1960,0,2486724.04,lender_prime,1787917956.8661308,financial_system
A1961,0,18995096.08,lender_atlas,1787917956.8661382,financial_system
A1962,0,19220253.58,lender_delta,1787917956.8661451,financial_system
A1963,7542153.5,24937943.55,lender_atlas,1787917956.8661509,financial_system
A1964,0,6321184.52,lender_delta,1787917956.866158,financial_system
A1965,1663388.72,2750361.31,lender_north,1787917956.866165,financial_system
A1966,2097202.59,6342858.31,lender_north,1787917956.8661718,financial_system
A1967,2531814.84,14483863.15,lender_north,1787917956.8661811,financial_system
A1968,494966.28,3235666.99,lender_delta,1787917956.866188,financial_system
A1969,0,5701149.03,lender_north,1787917956.866195,financial_system
A1970,6047.67,3241096.97,lender_atlas,1787917956.866202,financial_system
A1971,4990726.99,12254277.06,lender_prime,1787917956.866209,financial_system
A1972,87910.99,2067796.67,lender_atlas,1787917956.866219,financial_system
A1973,0,8786430.22,lender_delta,1787917956.8662279,financial_system
A1974,0,16905020.55,lender_north,1787917956.866234,financial_system
A1975,0,10395065.04,lender_atlas,1787917956.866241,financial_system
A1976,0,17585469.64,lender_delta,1787917956.866248,financial_system
A1977,0,8995840.97,lender_prime,1787917956.866254,financial_system
A1978,0,6300998.06,lender_prime,1787917956.866261,financial_system
A1979,0,316354.25,lender_delta,1787917956.866268,financial_system
A1980,7126652.59,24958023.82,lender_prime,1787917956.866274,financial_system
A1981,0,17127443.65,lender_delta,1787917956.8662798,financial_system
A1982,14213663.39,20291243.59,lender_prime,1787917956.8662882,financial_system
A1983,0,13354981.49,lender_north,1787917956.866295,financial_system
A1984,0,861431.23,lender_delta,1787917956.866302,financial_system
A1985,1866455.22,3191897.07,lender_atlas,1787917956.8663082,financial_system
A1986,0,5442649.03,lender_atlas,1787917956.8663151,financial_system
A1987,0,8285078.23,lender_delta,1787917956.8663208,financial_system
A1988,0,3471957.51,lender_atlas,1787917956.866328,financial_system
A1989,0,5196117.25,lender_north,1787917956.866336,financial_system
A1990,12833860.38,22407426.55,lender_atlas,1787917956.8663418,financial_system
A1991,503380.11,6141186.16,lender_delta,1787917956.866349,financial_system
A1992,0,7617425.53,lender_prime,1787917956.866355,financial_system
A1993,0,1270145.77,lender_atlas,1787917956.8663611,financial_system
A1994,1885982.98,5677883.58,lender_delta,1787917956.866368,financial_system
A1995,4739189.74,9900276.32,lender_prime,1787917956.866375,financial_system
A1996,0,6095206.19,lender_prime,1787917956.8663821,financial_system
A1997,544992.57,7972900.75,lender_delta,1787917956.866389,financial_system
A1998,164804.74,26140608.0,lender_prime,1787917956.866396,financial_system
A1999,0,18158380.61,lender_delta,1787917956.8664021,financial_system
