asset_id,invoice_id,issued,disputed,payment_delay_days,ts,source
A1000,,False,False,2.7,1787313097.85589,invoice_system
A1001,INV21001,True,False,3.4,1787676621.8558989,invoice_system
A1002,INV21002,True,False,15.1,1786597416.855905,invoice_system
A1003,INV21003,True,False,1.8,1786457233.8559098,invoice_system
A1004,INV21004,True,False,4.2,1787518473.855915,invoice_system
A1005,INV21005,True,False,0,1785452601.85592,invoice_system
A1006,,False,False,0.9,1786668124.855925,invoice_system
A1007,INV21007,True,False,15.5,1786927552.8559291,invoice_system
A1008,INV21008,True,False,6.5,1786109731.855934,invoice_system
A1009,INV21009,True,False,2.7,1787040853.855938,invoice_system
A1010,,False,False,0,1785504194.855943,invoice_system
A1011,,False,False,0,1787405593.855947,invoice_system
A1012,,False,False,0,1786754185.855951,invoice_system
A1013,,False,False,1.8,1787430211.855956,invoice_system
A1014,INV21014,True,False,3.6,1787223263.8559601,invoice_system
A1015,,False,False,3.7,1787863391.855965,invoice_system
A1016,INV21016,True,False,1.0,1787660465.855969,invoice_system
A1017,INV21017,True,False,4.1,1786693813.855973,invoice_system
A1018,,False,False,6.0,1787033345.855977,invoice_system
A1019,INV21019,True,False,1.3,1786199564.855981,invoice_system
A1020,INV21020,True,False,3.7,1787304400.855985,invoice_system
A1021,INV21021,True,False,0,1786247961.85599,invoice_system
A1022,,False,False,0.1,1785898974.8559942,invoice_system
A1023,,False,False,17.2,1787202530.855998,invoice_system
A1024,INV21024,True,False,0,1787852607.8560011,invoice_system
A1025,INV21025,True,False,2.5,1786283067.8560052,invoice_system
A1026,,False,False,3.2,1787233185.85601,invoice_system
A1027,,False,False,5.1,1786902748.856014,invoice_system
A1028,INV21028,True,True,15.1,1786669635.8560178,invoice_system
A1029,,False,False,5.2,1786794233.8560221,invoice_system
A1030,,False,False,2.0,1787331967.8560278,invoice_system
A1031,,False,False,7.2,1787058053.856032,invoice_system
A1032,,False,False,0,1786167194.8560379,invoice_system
A1033,INV21033,True,False,1.0,1785407398.856042,invoice_system
A1034,,False,False,1.1,1787265008.856046,invoice_system
A1035,INV21035,True,False,1.4,1785657562.856051,invoice_system
A1036,,False,False,9.1,1785994923.856055,invoice_system
A1037,INV21037,True,False,0,1786113401.8560588,invoice_system
A1038,INV21038,True,False,5.9,1785897998.856063,invoice_system
A1039,INV21039,True,False,0,1786604183.8560672,invoice_system
A1040,INV21040,True,False,11.3,1787368593.856071,invoice_system
A1041,INV21041,True,True,0,1786199476.856075,invoice_system
A1042,,False,False,0,1787134885.8560798,invoice_system
A1043,INV21043,True,False,0,1786698044.856085,invoice_system
A1044,INV21044,True,False,3.8,1785502134.856089,invoice_system
A1045,,False,False,0,1786076437.856093,invoice_system
A1046,INV21046,True,False,6.5,1785695501.856098,invoice_system
A1047,,False,False,7.4,1786819782.856102,invoice_system
A1048,INV21048,True,False,0,1785819104.856106,invoice_system
A1049,,False,False,2.8,1786032936.85611,invoice_system
A1050,,False,False,0,1787346142.856114,invoice_system
A1051,INV21051,True,True,3.7,1786489845.856118,invoice_system
A1052,INV21052,True,False,9.3,1787821718.856122,invoice_system
A1053,INV21053,True,False,0.1,1785566097.856126,invoice_system
A1054,,False,False,0,1787032635.8561301,invoice_system
A1055,INV21055,True,False,6.4,1786292119.856134,invoice_system
A1056,INV21056,True,False,0,1786681371.856138,invoice_system
A1057,INV21057,True,False,0,1785993596.856142,invoice_system
A1058,INV21058,True,False,12.1,1787560826.856147,invoice_system
A1059,INV21059,True,False,0,1786143065.856151,invoice_system
A1060,INV21060,True,False,0,1786519102.8561559,invoice_system
A1061,INV21061,True,False,17.8,1785935988.85616,invoice_system
A1062,,False,False,11.0,1787756297.856164,invoice_system
A1063,INV21063,True,False,0,1786348667.8561668,invoice_system
A1064,,False,False,3.6,1787001062.856171,invoice_system
A1065,,False,False,2.9,1786104786.8561761,invoice_system
A1066,INV21066,True,False,16.5,1785770714.856179,invoice_system
A1067,INV21067,True,False,7.4,1786915270.856183,invoice_system
A1068,INV21068,True,True,7.4,1787827635.8561869,invoice_system
A1069,,False,False,13.1,1786286944.856191,invoice_system
A1070,INV21070,True,False,6.9,1786110070.856195,invoice_system
A1071,INV21071,True,True,14.6,1786362549.856199,invoice_system
A1072,INV21072,True,False,0,1786840622.856203,invoice_system
A1073,INV21073,True,False,0,1786466548.8562071,invoice_system
A1074,INV21074,True,False,0.2,1787448082.856212,invoice_system
A1075,INV21075,True,False,6.3,1785874812.856216,invoice_system
A1076,,False,False,0,1786686882.85622,invoice_system
A1077,INV21077,True,False,9.8,1786082614.856225,invoice_system
A1078,,False,False,9.2,1787044375.856229,invoice_system
A1079,,False,False,4.4,1785629971.856233,invoice_system
A1080,,False,False,5.3,1785797317.8562372,invoice_system
A1081,,False,False,11.9,1787870990.856241,invoice_system
A1082,INV21082,True,False,5.8,1787710730.856246,invoice_system
A1083,,False,False,11.3,1786763385.85625,invoice_system
A1084,INV21084,True,False,0.9,1785603882.8562539,invoice_system
A1085,,False,False,0,1786617682.856259,invoice_system
A1086,INV21086,True,False,2.7,1786552288.8562639,invoice_system
A1087,,False,False,4.9,1786192439.856268,invoice_system
A1088,,False,False,0,1787461479.856273,invoice_system
A1089,INV21089,True,False,2.4,1787604770.856277,invoice_system
A1090,INV21090,True,False,2.2,1785606591.85628,invoice_system
A1091,INV21091,True,False,0,1786368954.8562849,invoice_system
A1092,INV21092,True,False,4.2,1786905016.856289,invoice_system
A1093,,False,False,0.9,1787373385.8562932,invoice_system
A1094,,False,False,5.8,1786534576.856298,invoice_system
A1095,INV21095,True,True,0,1786946134.856301,invoice_system
A1096,INV21096,True,False,3.1,1786682294.8563058,invoice_system
A1097,INV21097,True,False,0,1785988594.856309,invoice_system
A1098,INV21098,True,False,0.1,1785622794.856313,invoice_system
A1099,INV21099,True,False,10.0,1787345692.856318,invoice_system
A1100,INV21100,True,False,0,1787212857.856322,invoice_system
A1101,INV21101,True,False,9.3,1787568987.8563251,invoice_system
A1102,INV21102,True,False,0,1787906282.85633,invoice_system
A1103,INV21103,True,False,18.1,1787750337.856334,invoice_system
A1104,,False,False,9.4,1786902271.856338,invoice_system
A1105,INV21105,True,False,0,1785618590.856342,invoice_system
A1106,INV21106,True,False,0,1785940943.8563461,invoice_system
A1107,INV21107,True,False,10.0,1785955644.85635,invoice_system
A1108,INV21108,True,False,0,1786046573.856354,invoice_system
A1109,INV21109,True,False,0,1785677343.8563578,invoice_system
A1110,INV21110,True,False,18.3,1785819225.8563619,invoice_system
A1111,INV21111,True,False,2.4,1786648753.856367,invoice_system
A1112,INV21112,True,False,15.2,1786163053.856371,invoice_system
A1113,,False,False,15.8,1785428479.856375,invoice_system
A1114,INV21114,True,False,4.4,1786217735.8563788,invoice_system
A1115,INV21115,True,False,7.5,1785898709.856383,invoice_system
A1116,INV21116,True,False,6.8,1785676004.856386,invoice_system
A1117,INV21117,True,False,0,1787236179.856392,invoice_system
A1118,,False,False,5.4,1787407349.856396,invoice_system
A1119,INV21119,True,False,18.1,1786041881.856401,invoice_system
A1120,INV21120,True,False,3.8,1787294926.856405,invoice_system
A1121,INV21121,True,False,0.1,1787553439.856409,invoice_system
A1122,INV21122,True,False,0,1786363108.856413,invoice_system
A1123,INV21123,True,False,0,1786634833.856417,invoice_system
A1124,INV21124,True,False,7.9,1785896247.8564212,invoice_system
A1125,,False,False,0,1786173753.856426,invoice_system
A1126,INV21126,True,False,0,1787732681.856431,invoice_system
A1127,,False,False,8.2,1787469591.856435,invoice_system
A1128,INV21128,True,False,3.2,1787762048.856439,invoice_system
A1129,INV21129,True,False,2.9,1787460353.8564422,invoice_system
A1130,INV21130,True,False,4.6,1785686721.856447,invoice_system
A1131,INV21131,True,False,2.7,1787581774.856451,invoice_system
A1132,INV21132,True,False,0,1786320194.8564548,invoice_system
A1133,INV21133,True,False,5.0,1785427122.856459,invoice_system
A1134,INV21134,True,False,7.2,1787444545.8564632,invoice_system
A1135,INV21135,True,True,0,1787227759.856467,invoice_system
A1136,INV21136,True,False,0,1787095770.856471,invoice_system
A1137,,False,False,0,1785515329.8564749,invoice_system
A1138,,False,False,4.2,1785494364.856479,invoice_system
A1139,,False,False,0,1787424644.856483,invoice_system
A1140,INV21140,True,False,6.8,1786135998.8564868,invoice_system
A1141,,False,False,0,1786550535.856492,invoice_system
A1142,INV21142,True,False,0.4,1786199434.856496,invoice_system
A1143,,False,False,2.3,1786565289.8565,invoice_system
A1144,INV21144,True,False,6.9,1786472930.856504,invoice_system
A1145,INV21145,True,False,3.3,1786404574.856508,invoice_system
A1146,INV21146,True,False,0,1785541019.856512,invoice_system
A1147,,False,False,2.5,1787121446.8565161,invoice_system
A1148,INV21148,True,False,9.8,1786764796.856521,invoice_system
A1149,INV21149,True,False,12.1,1787865494.856525,invoice_system
A1150,INV21150,True,False,7.4,1785903983.856529,invoice_system
A1151,INV21151,True,False,14.8,1787463196.856533,invoice_system
A1152,INV21152,True,False,4.0,1786807338.856537,invoice_system
A1153,INV21153,True,False,0,1785524040.856541,invoice_system
A1154,,False,False,0,1787719426.856545,invoice_system
A1155,INV21155,True,False,14.6,1786443111.856549,invoice_system
A1156,,False,False,0,1785980383.856554,invoice_system
A1157,,False,False,2.7,1786630548.856558,invoice_system
A1158,,False,False,16.2,1786378611.856562,invoice_system
A1159,,False,False,5.1,1787747800.856566,invoice_system
A1160,INV21160,True,False,0,1786380285.856571,invoice_system
A1161,INV21161,True,False,1.4,1786208074.856575,invoice_system
A1162,INV21162,True,False,0.0,1787605852.856579,invoice_system
A1163,INV21163,True,False,0,1787891788.8565829,invoice_system
A1164,INV21164,True,False,5.5,1787408963.8565881,invoice_system
A1165,INV21165,True,False,2.9,1787720706.856592,invoice_system
A1166,INV21166,True,True,1.9,1787901514.856597,invoice_system
A1167,INV21167,True,False,1.9,1786100417.856601,invoice_system
A1168,INV21168,True,False,0,1786458989.8566048,invoice_system
A1169,INV21169,True,False,8.5,1787071309.856611,invoice_system
A1170,INV21170,True,False,18.8,1785545324.8566148,invoice_system
A1171,INV21171,True,False,0,1785624867.8566191,invoice_system
A1172,INV21172,True,False,6.0,1786185940.8566232,invoice_system
A1173,INV21173,True,False,0,1785391409.856627,invoice_system
A1174,,False,False,0,1785507690.856632,invoice_system
A1175,INV21175,True,False,0.5,1787790034.8566358,invoice_system
A1176,INV21176,True,False,10.3,1786579936.856642,invoice_system
A1177,INV21177,True,False,0,1785829188.8566458,invoice_system
A1178,INV21178,True,False,0,1787327063.856651,invoice_system
A1179,INV21179,True,False,3.5,1785479738.8566551,invoice_system
A1180,,False,False,9.6,1787367660.856658,invoice_system
A1181,INV21181,True,False,8.6,1787282465.856663,invoice_system
A1182,,False,False,7.8,1787679157.8566668,invoice_system
A1183,INV21183,True,False,3.3,1785998230.856671,invoice_system
A1184,INV21184,True,True,3.4,1785475565.8566751,invoice_system
A1185,INV21185,True,False,5.6,1785922396.85668,invoice_system
A1186,INV21186,True,False,5.9,1785530600.856684,invoice_system
A1187,,False,False,0,1787059589.856688,invoice_system
A1188,INV21188,True,False,12.2,1785539285.856692,invoice_system
A1189,,False,False,14.4,1785829485.8566961,invoice_system
A1190,INV21190,True,False,0,1787581089.8567,invoice_system
A1191,INV21191,True,False,0,1786198125.856704,invoice_system
A1192,INV21192,True,False,0,1785589158.856708,invoice_system
A1193,INV21193,True,False,0,1786066402.8567119,invoice_system
A1194,INV21194,True,False,1.5,1787632646.856716,invoice_system
A1195,INV21195,True,False,0,1785398863.85672,invoice_system
A1196,INV21196,True,False,11.1,1786790599.856724,invoice_system
A1197,INV21197,True,False,7.4,1785577456.856728,invoice_system
A1198,,False,False,1.0,1786901889.856731,invoice_system
A1199,,False,False,0,1786439069.856735,invoice_system
A1200,INV21200,True,False,0,1785878823.85674,invoice_system
A1201,INV21201,True,False,10.5,1786421177.856745,invoice_system
A1202,,False,False,0,1786706322.85675,invoice_system
A1203,,False,False,2.7,1785563256.8567538,invoice_system
A1204,,False,False,0,1787296081.856758,invoice_system
A1205,INV21205,True,False,3.9,1787603741.8567622,invoice_system
A1206,,False,False,2.3,1787799306.856767,invoice_system
A1207,INV21207,True,False,11.1,1786530227.856771,invoice_system
A1208,,False,False,7.6,1786750550.8567748,invoice_system
A1209,INV21209,True,False,0,1786211312.856779,invoice_system
A1210,INV21210,True,False,16.0,1786568793.8567839,invoice_system
A1211,INV21211,True,False,17.4,1786318257.856788,invoice_system
A1212,INV21212,True,False,3.6,1786311816.856792,invoice_system
A1213,INV21213,True,False,0,1785604865.8567958,invoice_system
A1214,INV21214,True,False,8.8,1787697467.856801,invoice_system
A1215,INV21215,True,False,13.7,1785389884.856805,invoice_system
A1216,INV21216,True,False,0,1787906269.856809,invoice_system
A1217,INV21217,True,False,20.0,1785563087.856813,invoice_system
A1218,,False,False,6.8,1786635701.856817,invoice_system
A1219,INV21219,True,False,4.5,1785642525.856822,invoice_system
A1220,INV21220,True,False,13.0,1785482576.856826,invoice_system
A1221,INV21221,True,False,0,1786607446.85683,invoice_system
A1222,,False,False,0,1785831158.856834,invoice_system
A1223,,False,False,9.4,1786429113.856838,invoice_system
A1224,INV21224,True,False,0,1786772518.856842,invoice_system
A1225,,False,False,1.6,1786907695.856846,invoice_system
A1226,INV21226,True,True,6.1,1785620263.8568509,invoice_system
A1227,,False,False,0,1786509601.8568552,invoice_system
A1228,INV21228,True,False,0,1787396283.856859,invoice_system
A1229,,False,False,0,1786706822.856863,invoice_system
A1230,INV21230,True,False,0,1785832654.856867,invoice_system
A1231,INV21231,True,False,8.9,1786185858.856871,invoice_system
A1232,INV21232,True,True,9.0,1787164866.856875,invoice_system
A1233,,False,False,17.2,1787853068.8568802,invoice_system
A1234,INV21234,True,False,0,1786347663.856884,invoice_system
A1235,INV21235,True,False,0,1787913553.856888,invoice_system
A1236,,False,False,15.5,1787799937.8568919,invoice_system
A1237,INV21237,True,False,0.2,1786393664.856896,invoice_system
A1238,INV21238,True,False,0,1786144764.8569002,invoice_system
A1239,INV21239,True,False,0,1785365968.856904,invoice_system
A1240,,False,False,2.6,1787172596.856908,invoice_system
A1241,INV21241,True,False,0,1785607375.856912,invoice_system
A1242,INV21242,True,False,3.5,1787589900.856916,invoice_system
A1243,INV21243,True,False,1.6,1787559860.85692,invoice_system
A1244,INV21244,True,False,0,1786815204.8569238,invoice_system
A1245,INV21245,True,False,0,1787762795.856928,invoice_system
A1246,INV21246,True,False,2.8,1785997089.856933,invoice_system
A1247,,False,False,7.1,1786237986.856938,invoice_system
A1248,INV21248,True,False,10.1,1785677245.8569422,invoice_system
A1249,INV21249,True,False,11.8,1786613107.8569448,invoice_system
A1250,INV21250,True,False,7.8,1785580044.856949,invoice_system
A1251,INV21251,True,False,0,1786608834.856954,invoice_system
A1252,INV21252,True,False,2.6,1785425995.856958,invoice_system
A1253,INV21253,True,False,0,1786408026.856962,invoice_system
A1254,,False,False,8.4,1786060397.856967,invoice_system
A1255,INV21255,True,False,0,1786761764.856971,invoice_system
A1256,,False,False,0,1786505148.856975,invoice_system
A1257,INV21257,True,False,0,1786368157.856979,invoice_system
A1258,INV21258,True,False,0,1785484668.8569841,invoice_system
A1259,INV21259,True,False,0,1787479536.856988,invoice_system
A1260,,False,False,0,1786787329.856993,invoice_system
A1261,INV21261,True,False,0.7,1787655310.856997,invoice_system
A1262,INV21262,True,False,9.0,1785670492.857001,invoice_system
A1263,INV21263,True,False,0,1787102007.8570051,invoice_system
A1264,INV21264,True,False,3.4,1785700050.857009,invoice_system
A1265,,False,False,1.1,1786932472.857013,invoice_system
A1266,,False,False,0.8,1786619217.857017,invoice_system
A1267,INV21267,True,False,0,1787317490.8570209,invoice_system
A1268,INV21268,True,False,4.2,1785453011.857025,invoice_system
A1269,INV21269,True,False,1.0,1787488546.8570292,invoice_system
A1270,INV21270,True,False,14.0,1785500365.857033,invoice_system
A1271,INV21271,True,False,0,1786361775.857037,invoice_system
A1272,INV21272,True,False,17.5,1785529139.857041,invoice_system
A1273,,False,False,18.0,1786168451.8570461,invoice_system
A1274,INV21274,True,False,4.0,1786046216.8570502,invoice_system
A1275,INV21275,True,False,10.8,1786524351.857054,invoice_system
A1276,INV21276,True,False,0,1786818176.857058,invoice_system
A1277,INV21277,True,False,9.0,1787163944.8570619,invoice_system
A1278,INV21278,True,False,0,1786752846.857066,invoice_system
A1279,INV21279,True,False,5.1,1786383285.85707,invoice_system
A1280,INV21280,True,False,0,1787075473.857074,invoice_system
A1281,INV21281,True,False,4.7,1786707101.857078,invoice_system
A1282,INV21282,True,False,18.1,1787730329.8570821,invoice_system
A1283,INV21283,True,False,2.0,1786411789.857086,invoice_system
A1284,,False,False,7.7,1787600978.8570912,invoice_system
A1285,INV21285,True,False,0,1786841409.857096,invoice_system
A1286,,False,False,1.8,1787484786.857101,invoice_system
A1287,INV21287,True,False,2.7,1786609674.857106,invoice_system
A1288,INV21288,True,False,12.8,1786199879.857111,invoice_system
A1289,INV21289,True,False,13.1,1787007234.8571148,invoice_system
A1290,,False,False,6.3,1785478571.857119,invoice_system
A1291,INV21291,True,False,0,1787258686.8571231,invoice_system
A1292,INV21292,True,False,8.7,1785609975.857128,invoice_system
A1293,INV21293,True,False,0,1786138207.857132,invoice_system
A1294,,False,False,10.2,1786453176.857136,invoice_system
A1295,INV21295,True,False,7.0,1787298933.85714,invoice_system
A1296,,False,False,7.1,1786334096.857144,invoice_system
A1297,,False,False,3.1,1785943441.857148,invoice_system
A1298,INV21298,True,False,0,1786437055.857152,invoice_system
A1299,INV21299,True,False,0,1786651599.857156,invoice_system
A1300,INV21300,True,False,0,1786773900.8571599,invoice_system
A1301,INV21301,True,False,0,1786116598.8571641,invoice_system
A1302,INV21302,True,False,9.4,1785568692.857168,invoice_system
A1303,,False,False,10.5,1786280431.857172,invoice_system
A1304,,False,False,0,1785930588.857175,invoice_system
A1305,INV21305,True,False,5.8,1785875290.857179,invoice_system
A1306,,False,False,11.1,1787508962.857183,invoice_system
A1307,INV21307,True,False,0,1786903771.857188,invoice_system
A1308,INV21308,True,False,13.2,1786211225.857192,invoice_system
A1309,INV21309,True,False,12.5,1785494872.857197,invoice_system
A1310,,False,False,5.6,1786032406.8572009,invoice_system
A1311,INV21311,True,False,5.1,1785913665.857205,invoice_system
A1312,,False,False,4.8,1786345460.8572092,invoice_system
A1313,INV21313,True,False,0,1787241485.857214,invoice_system
A1314,INV21314,True,False,0,1786158582.857218,invoice_system
A1315,INV21315,True,False,0,1786015973.8572218,invoice_system
A1316,,False,False,11.0,1787536812.857226,invoice_system
A1317,INV21317,True,False,11.0,1787053020.8572302,invoice_system
A1318,,False,False,0,1787426515.857234,invoice_system
A1319,INV21319,True,True,16.5,1786158384.857238,invoice_system
A1320,,False,False,12.0,1786925428.857242,invoice_system
A1321,INV21321,True,False,0,1787590211.857246,invoice_system
A1322,,False,False,7.2,1787442972.85725,invoice_system
A1323,,False,False,6.8,1787186075.857253,invoice_system
A1324,,False,False,0,1785897923.857257,invoice_system
A1325,INV21325,True,False,6.4,1786981273.857261,invoice_system
A1326,INV21326,True,False,9.1,1785435766.857266,invoice_system
A1327,INV21327,True,True,0,1787523536.85727,invoice_system
A1328,,False,False,0,1787754582.857274,invoice_system
A1329,INV21329,True,False,0,1787335593.857279,invoice_system
A1330,INV21330,True,False,1.2,1785764842.857284,invoice_system
A1331,INV21331,True,False,8.2,1787827174.857288,invoice_system
A1332,,False,False,12.8,1786487870.8572931,invoice_system
A1333,,False,False,0.3,1786927304.857297,invoice_system
A1334,,False,False,4.2,1786470136.857301,invoice_system
A1335,INV21335,True,False,11.0,1785732281.857305,invoice_system
A1336,INV21336,True,False,0.9,1787292523.8573089,invoice_system
A1337,INV21337,True,False,6.7,1785653819.857314,invoice_system
A1338,INV21338,True,False,0,1787590142.857318,invoice_system
A1339,INV21339,True,False,8.5,1785590978.857322,invoice_system
A1340,INV21340,True,False,12.4,1786546075.857326,invoice_system
A1341,INV21341,True,False,0.7,1786593605.8573298,invoice_system
A1342,INV21342,True,False,5.3,1786828619.857334,invoice_system
A1343,,False,False,0,1786472803.857339,invoice_system
A1344,INV21344,True,False,3.4,1786040719.857343,invoice_system
A1345,,False,False,0,1785464276.8573482,invoice_system
A1346,INV21346,True,False,13.4,1787942028.857352,invoice_system
A1347,INV21347,True,False,12.5,1787178073.857356,invoice_system
A1348,INV21348,True,False,10.6,1787749772.85736,invoice_system
A1349,INV21349,True,False,1.7,1787869450.857364,invoice_system
A1350,INV21350,True,False,7.9,1786353047.857368,invoice_system
A1351,INV21351,True,False,8.2,1786030612.8573718,invoice_system
A1352,,False,False,0,1787398115.857376,invoice_system
A1353,INV21353,True,True,0,1786201704.8573802,invoice_system
A1354,,False,False,0,1785891872.857384,invoice_system
A1355,,False,False,3.3,1787795006.857388,invoice_system
A1356,INV21356,True,True,15.8,1787235221.8573928,invoice_system
A1357,,False,False,16.6,1787405551.857397,invoice_system
A1358,INV21358,True,False,11.2,1786850076.8574011,invoice_system
A1359,,False,False,10.2,1785995344.857405,invoice_system
A1360,,False,False,0,1786883681.85741,invoice_system
A1361,INV21361,True,False,9.2,1786286698.857414,invoice_system
A1362,,False,False,0,1786382350.8574169,invoice_system
A1363,INV21363,True,False,2.0,1787298529.8574212,invoice_system
A1364,INV21364,True,False,2.5,1787834188.857425,invoice_system
A1365,,False,False,8.5,1787269980.85743,invoice_system
A1366,INV21366,True,False,0,1786292005.857435,invoice_system
A1367,,False,False,17.1,1787512613.857439,invoice_system
A1368,,False,False,5.7,1787696549.857443,invoice_system
A1369,,False,False,16.2,1787229221.857447,invoice_system
A1370,,False,False,2.1,1786360983.857451,invoice_system
A1371,INV21371,True,False,2.3,1786170096.857455,invoice_system
A1372,INV21372,True,True,18.9,1786926043.85746,invoice_system
A1373,INV21373,True,False,2.9,1787854181.857465,invoice_system
A1374,INV21374,True,False,3.8,1786632903.8574688,invoice_system
A1375,,False,False,0,1785870259.8574731,invoice_system
A1376,INV21376,True,False,0,1786746300.8574772,invoice_system
A1377,INV21377,True,False,0,1786892797.857481,invoice_system
A1378,,False,False,8.3,1786343187.857485,invoice_system
A1379,INV21379,True,False,12.7,1786326952.8574889,invoice_system
A1380,,False,False,13.9,1786300421.857493,invoice_system
A1381,INV21381,True,False,2.3,1786643690.857497,invoice_system
A1382,INV21382,True,False,2.7,1787160934.857501,invoice_system
A1383,INV21383,True,False,0,1785532603.857505,invoice_system
A1384,INV21384,True,False,7.0,1786352282.8575091,invoice_system
A1385,INV21385,True,False,6.9,1787887804.857513,invoice_system
A1386,INV21386,True,False,0.7,1787410467.8575182,invoice_system
A1387,INV21387,True,False,0,1786806850.857522,invoice_system
A1388,INV21388,True,False,12.9,1785622377.857526,invoice_system
A1389,INV21389,True,False,4.9,1786627677.85753,invoice_system
A1390,,False,False,1.6,1785463670.857534,invoice_system
A1391,,False,False,11.9,1787747877.857538,invoice_system
A1392,INV21392,True,False,21.6,1786671378.857543,invoice_system
A1393,INV21393,True,False,9.0,1787458168.857547,invoice_system
A1394,INV21394,True,False,0,1786796017.857551,invoice_system
A1395,INV21395,True,False,0,1786680930.857555,invoice_system
A1396,INV21396,True,False,3.4,1787217796.857559,invoice_system
A1397,INV21397,True,False,3.8,1785754535.857564,invoice_system
A1398,,False,False,12.8,1787597564.857568,invoice_system
A1399,,False,False,18.6,1787653995.857572,invoice_system
A1400,,False,False,0,1785626221.8575768,invoice_system
A1401,,False,False,4.6,1787757426.8575811,invoice_system
A1402,INV21402,True,False,0,1787561229.857586,invoice_system
A1403,INV21403,True,False,0,1786936797.85759,invoice_system
A1404,,False,False,0.7,1787074693.857594,invoice_system
A1405,,False,False,13.5,1786505117.857598,invoice_system
A1406,INV21406,True,False,0,1787925987.857604,invoice_system
A1407,INV21407,True,False,2.1,1785874209.8576078,invoice_system
A1408,INV21408,True,False,0,1786845029.8576121,invoice_system
A1409,INV21409,True,False,0.2,1786249228.857616,invoice_system
A1410,INV21410,True,False,0,1786782483.85762,invoice_system
A1411,,False,False,0,1785510311.857624,invoice_system
A1412,,False,False,0,1786429591.8576288,invoice_system
A1413,,False,False,1.0,1787284923.857633,invoice_system
A1414,INV21414,True,False,11.5,1785620068.8576362,invoice_system
A1415,INV21415,True,False,14.8,1786613938.857641,invoice_system
A1416,INV21416,True,False,13.0,1786407768.857646,invoice_system
A1417,INV21417,True,False,0,1787547945.8576498,invoice_system
A1418,INV21418,True,False,1.1,1787604787.857654,invoice_system
A1419,INV21419,True,False,0,1786732836.8576581,invoice_system
A1420,,False,False,8.4,1786496321.857663,invoice_system
A1421,INV21421,True,False,0.3,1786317476.857667,invoice_system
A1422,INV21422,True,True,0,1787598803.857671,invoice_system
A1423,INV21423,True,False,3.9,1787712439.857675,invoice_system
A1424,INV21424,True,False,11.3,1787174413.8576791,invoice_system
A1425,,False,False,0,1786986129.857683,invoice_system
A1426,,False,False,2.1,1787248233.857687,invoice_system
A1427,INV21427,True,False,0,1786974718.8576908,invoice_system
A1428,INV21428,True,False,2.3,1785865673.8576949,invoice_system
A1429,INV21429,True,False,0,1787800530.8577,invoice_system
A1430,,False,False,0,1787184395.857704,invoice_system
A1431,INV21431,True,False,7.1,1787589372.857708,invoice_system
A1432,,False,False,6.7,1786512005.857712,invoice_system
A1433,INV21433,True,False,0,1787350827.857716,invoice_system
A1434,INV21434,True,False,0,1786211515.8577201,invoice_system
A1435,INV21435,True,False,0.7,1785538396.857725,invoice_system
A1436,INV21436,True,False,0,1787033386.857729,invoice_system
A1437,INV21437,True,False,0,1785792023.857733,invoice_system
A1438,,False,False,0,1787585188.857737,invoice_system
A1439,,False,False,6.5,1787922058.857741,invoice_system
A1440,INV21440,True,False,0,1786534087.857745,invoice_system
A1441,INV21441,True,False,1.9,1785631303.85775,invoice_system
A1442,INV21442,True,False,12.1,1786930490.857753,invoice_system
A1443,,False,False,0,1787106857.857758,invoice_system
A1444,INV21444,True,False,0,1785758384.857762,invoice_system
A1445,INV21445,True,False,0,1786002233.857766,invoice_system
A1446,INV21446,True,False,5.4,1786642228.857771,invoice_system
A1447,INV21447,True,False,10.9,1786181778.8577752,invoice_system
A1448,INV21448,True,False,0,1785525042.857779,invoice_system
A1449,,False,False,13.9,1786027945.857783,invoice_system
A1450,INV21450,True,False,20.7,1785913553.857787,invoice_system
A1451,,False,False,8.7,1786601451.857792,invoice_system
A1452,,False,False,16.4,1786596562.8577962,invoice_system
A1453,INV21453,True,False,5.0,1787529906.8578,invoice_system
A1454,INV21454,True,False,8.6,1787513348.857804,invoice_system
A1455,INV21455,True,False,2.4,1786163492.8578079,invoice_system
A1456,INV21456,True,False,7.1,1786285911.857812,invoice_system
A1457,,False,False,0,1787200577.8578181,invoice_system
A1458,INV21458,True,False,0,1787364343.857822,invoice_system
A1459,INV21459,True,False,0.6,1787484602.857826,invoice_system
A1460,,False,False,0,1785747549.8578298,invoice_system
A1461,INV21461,True,False,0.6,1785781155.857835,invoice_system
A1462,INV21462,True,False,3.7,1787589632.857839,invoice_system
A1463,INV21463,True,False,5.2,1786608578.857843,invoice_system
A1464,,False,False,1.3,1785975033.857847,invoice_system
A1465,,False,False,0,1785770472.8578508,invoice_system
A1466,INV21466,True,False,0,1785607351.857854,invoice_system
A1467,INV21467,True,False,0,1785914290.8578591,invoice_system
A1468,,False,False,20.4,1786736319.857863,invoice_system
A1469,,False,False,0,1785991412.857867,invoice_system
A1470,INV21470,True,False,11.8,1787407521.8578718,invoice_system
A1471,INV21471,True,False,0,1786174113.857876,invoice_system
A1472,INV21472,True,False,6.9,1787088493.85788,invoice_system
A1473,INV21473,True,False,3.9,1785882038.857884,invoice_system
A1474,INV21474,True,False,9.4,1786910385.857888,invoice_system
A1475,,False,False,0,1787094951.857892,invoice_system
A1476,,False,False,0,1787396543.8578959,invoice_system
A1477,,False,False,0,1785652598.857901,invoice_system
A1478,INV21478,True,False,7.3,1787440472.857905,invoice_system
A1479,,False,False,0,1786126007.857908,invoice_system
A1480,,False,False,0,1787417514.857912,invoice_system
A1481,INV21481,True,False,0.4,1786070003.8579159,invoice_system
A1482,INV21482,True,False,10.4,1786523932.85792,invoice_system
A1483,,False,False,0,1786921228.8579252,invoice_system
A1484,INV21484,True,False,3.9,1786865363.85793,invoice_system
A1485,INV21485,True,False,8.9,1787893552.857933,invoice_system
A1486,INV21486,True,False,9.0,1786393085.8579378,invoice_system
A1487,,False,False,1.0,1786377151.857942,invoice_system
A1488,INV21488,True,False,0,1787007131.8579462,invoice_system
A1489,,False,False,0,1786535701.857951,invoice_system
A1490,,False,False,6.2,1787275378.857955,invoice_system
A1491,,False,False,1.1,1786081953.8579588,invoice_system
A1492,,False,False,0,1786713986.857963,invoice_system
A1493,INV21493,True,False,1.1,1786127406.8579671,invoice_system
A1494,INV21494,True,False,0,1786113427.857972,invoice_system
A1495,INV21495,True,False,5.9,1786066390.857976,invoice_system
A1496,INV21496,True,False,6.7,1786779448.85798,invoice_system
A1497,INV21497,True,False,15.1,1786984925.857984,invoice_system
A1498,INV21498,True,False,7.7,1786521306.857988,invoice_system
A1499,INV21499,True,False,12.4,1787064421.858082,invoice_system
A1500,,False,False,8.6,1786496223.8580868,invoice_system
A1501,,False,False,15.1,1787791000.858092,invoice_system
A1502,INV21502,True,False,0.3,1786585348.8580961,invoice_system
A1503,,False,False,0,1786415781.8581,invoice_system
A1504,INV21504,True,False,9.6,1785737034.858104,invoice_system
A1505,INV21505,True,False,0.9,1786586070.8581078,invoice_system
A1506,INV21506,True,False,0,1786311128.858112,invoice_system
A1507,INV21507,True,False,10.4,1787415103.8581161,invoice_system
A1508,INV21508,True,False,3.8,1787916293.858121,invoice_system
A1509,INV21509,True,False,0,1786551164.858125,invoice_system
A1510,INV21510,True,False,5.8,1785873231.8581288,invoice_system
A1511,INV21511,True,False,9.0,1785901955.858133,invoice_system
A1512,INV21512,True,False,3.7,1786587131.8581371,invoice_system
A1513,,False,False,10.9,1785904687.858141,invoice_system
A1514,INV21514,True,False,17.8,1786580258.858145,invoice_system
A1515,INV21515,True,False,9.0,1786645238.858149,invoice_system
A1516,INV21516,True,False,8.5,1787712252.858154,invoice_system
A1517,INV21517,True,False,12.2,1787256934.8581572,invoice_system
A1518,,False,False,0,1787832854.858162,invoice_system
A1519,,False,False,0,1785382097.858166,invoice_system
A1520,INV21520,True,False,8.7,1785466415.85817,invoice_system
A1521,,False,False,3.1,1786115738.858175,invoice_system
A1522,INV21522,True,False,2.2,1786305523.858179,invoice_system
A1523,,False,False,12.2,1787658664.858183,invoice_system
A1524,INV21524,True,False,0,1786239471.858187,invoice_system
A1525,INV21525,True,False,2.5,1787510770.858191,invoice_system
A1526,INV21526,True,False,16.1,1786874021.8581948,invoice_system
A1527,INV21527,True,False,0,1785891476.8581991,invoice_system
A1528,INV21528,True,False,0,1786544435.858203,invoice_system
A1529,INV21529,True,False,2.9,1787080103.858208,invoice_system
A1530,INV21530,True,False,0,1787571690.858211,invoice_system
A1531,,False,False,0.4,1785998408.8582149,invoice_system
A1532,INV21532,True,False,18.9,1785581026.858219,invoice_system
A1533,,False,False,10.2,1786217982.8582242,invoice_system
A1534,INV21534,True,False,0,1786747886.858227,invoice_system
A1535,INV21535,True,False,0.4,1787854585.858232,invoice_system
A1536,INV21536,True,False,6.6,1786721501.8582358,invoice_system
A1537,INV21537,True,False,0,1787917886.858239,invoice_system
A1538,INV21538,True,False,10.9,1787818977.858243,invoice_system
A1539,INV21539,True,False,0,1786031950.858248,invoice_system
A1540,INV21540,True,False,0,1785562302.858252,invoice_system
A1541,INV21541,True,True,5.3,1787289362.8582568,invoice_system
A1542,INV21542,True,False,2.4,1785759245.858262,invoice_system
A1543,INV21543,True,False,0,1786929587.858266,invoice_system
A1544,INV21544,True,False,11.7,1786641768.858271,invoice_system
A1545,,False,False,13.7,1786919650.8582752,invoice_system
A1546,,False,False,3.4,1785896071.858279,invoice_system
A1547,,False,False,0,1786313606.858283,invoice_system
A1548,INV21548,True,False,10.1,1786082145.858287,invoice_system
A1549,INV21549,True,True,9.9,1786605934.858291,invoice_system
A1550,INV21550,True,False,5.7,1786785335.858295,invoice_system
A1551,INV21551,True,False,0,1785651495.8582988,invoice_system
A1552,INV21552,True,False,10.8,1787351222.858304,invoice_system
A1553,INV21553,True,False,6.2,1785741583.858308,invoice_system
A1554,INV21554,True,False,5.0,1787874648.858312,invoice_system
A1555,INV21555,True,False,4.7,1787194273.858316,invoice_system
A1556,INV21556,True,False,10.7,1787451995.8583198,invoice_system
A1557,INV21557,True,False,5.2,1785934767.858324,invoice_system
A1558,INV21558,True,False,0,1786009323.858328,invoice_system
A1559,,False,False,0,1787192209.8583329,invoice_system
A1560,INV21560,True,False,14.9,1786484344.858337,invoice_system
A1561,,False,False,1.8,1787004324.858342,invoice_system
A1562,,False,False,0,1786212672.858345,invoice_system
A1563,INV21563,True,False,1.4,1786050494.858351,invoice_system
A1564,,False,False,2.0,1787557244.858356,invoice_system
A1565,,False,False,4.3,1785749536.85836,invoice_system
A1566,INV21566,True,False,6.5,1785944378.858367,invoice_system
A1567,INV21567,True,False,9.9,1786330984.858371,invoice_system
A1568,INV21568,True,False,0,1785461890.8583748,invoice_system
A1569,INV21569,True,False,14.4,1785511179.858378,invoice_system
A1570,INV21570,True,False,9.5,1786898373.8583832,invoice_system
A1571,INV21571,True,False,11.9,1787806171.858387,invoice_system
A1572,INV21572,True,False,0,1787842812.858391,invoice_system
A1573,INV21573,True,False,14.3,1786299495.8583949,invoice_system
A1574,INV21574,True,False,11.9,1786551271.858399,invoice_system
A1575,INV21575,True,False,6.4,1786874502.858403,invoice_system
A1576,INV21576,True,False,1.7,1785616971.858408,invoice_system
A1577,,False,False,10.2,1785725066.858412,invoice_system
A1578,INV21578,True,False,8.6,1787868399.858416,invoice_system
A1579,INV21579,True,False,0,1787327399.858421,invoice_system
A1580,INV21580,True,False,0.7,1786387107.858426,invoice_system
A1581,INV21581,True,False,4.9,1785429540.85843,invoice_system
A1582,INV21582,True,False,16.0,1787287219.858434,invoice_system
A1583,INV21583,True,False,0,1785408280.8584378,invoice_system
A1584,INV21584,True,False,4.6,1785665868.858443,invoice_system
A1585,INV21585,True,False,0,1786634798.858447,invoice_system
A1586,INV21586,True,False,3.9,1787076039.858451,invoice_system
A1587,INV21587,True,False,20.1,1786788927.8584561,invoice_system
A1588,INV21588,True,False,0,1787192095.85846,invoice_system
A1589,INV21589,True,False,3.3,1786304699.858464,invoice_system
A1590,INV21590,True,False,19.8,1786499858.858468,invoice_system
A1591,,False,False,10.0,1787698776.8584719,invoice_system
A1592,INV21592,True,False,24.7,1786747598.858477,invoice_system
A1593,INV21593,True,False,2.2,1786424525.8584828,invoice_system
A1594,INV21594,True,False,0,1786411074.8584871,invoice_system
A1595,INV21595,True,False,3.8,1786313510.858491,invoice_system
A1596,INV21596,True,False,5.5,1785588538.858494,invoice_system
A1597,INV21597,True,False,21.8,1787561238.858498,invoice_system
A1598,INV21598,True,False,2.2,1787309151.8585029,invoice_system
A1599,INV21599,True,False,12.6,1785495359.858507,invoice_system
A1600,,False,False,0,1786619649.8585112,invoice_system
A1601,INV21601,True,False,3.3,1786549104.858516,invoice_system
A1602,INV21602,True,False,0,1786560602.85852,invoice_system
A1603,INV21603,True,False,0,1787400480.8585238,invoice_system
A1604,INV21604,True,False,0,1785402672.858528,invoice_system
A1605,INV21605,True,False,0.8,1786079908.8585322,invoice_system
A1606,INV21606,True,False,0,1785416456.858537,invoice_system
A1607,INV21607,True,True,0,1786636498.858542,invoice_system
A1608,,False,False,0,1786007437.858546,invoice_system
A1609,,False,False,0,1785452598.858551,invoice_system
A1610,INV21610,True,False,2.3,1787714103.8585548,invoice_system
A1611,,False,False,14.9,1786552091.858559,invoice_system
A1612,INV21612,True,False,0,1787449523.8585632,invoice_system
A1613,,False,False,15.9,1787361021.858568,invoice_system
A1614,INV21614,True,False,8.6,1787129106.858572,invoice_system
A1615,INV21615,True,False,5.9,1787523642.8585758,invoice_system
A1616,INV21616,True,False,0,1786781750.858581,invoice_system
A1617,,False,False,5.5,1786295487.8585851,invoice_system
A1618,,False,False,0,1787320977.858589,invoice_system
A1619,,False,False,7.6,1785836432.858593,invoice_system
A1620,INV21620,True,False,0.6,1786117612.858598,invoice_system
A1621,INV21621,True,False,6.4,1785562030.858602,invoice_system
A1622,INV21622,True,False,4.1,1787819494.858606,invoice_system
A1623,INV21623,True,False,0,1786712266.85861,invoice_system
A1624,,False,False,2.3,1787681325.858615,invoice_system
A1625,INV21625,True,False,0,1786842063.858619,invoice_system
A1626,INV21626,True,False,18.7,1786420759.858623,invoice_system
A1627,,False,False,13.8,1786066895.8586292,invoice_system
A1628,INV21628,True,False,10.0,1785785527.858633,invoice_system
A1629,INV21629,True,False,0,1787929856.858638,invoice_system
A1630,INV21630,True,False,8.4,1786385045.8586419,invoice_system
A1631,INV21631,True,False,2.7,1787868134.858647,invoice_system
A1632,,False,False,0,1787063658.858651,invoice_system
A1633,INV21633,True,False,15.2,1786705392.858655,invoice_system
A1634,INV21634,True,False,1.6,1787005383.858659,invoice_system
A1635,INV21635,True,False,0,1786142019.8586628,invoice_system
A1636,,False,False,13.3,1787001437.858668,invoice_system
A1637,,False,False,0,1787326717.8586721,invoice_system
A1638,INV21638,True,False,0,1786343722.858677,invoice_system
A1639,INV21639,True,False,2.3,1786425673.8586812,invoice_system
A1640,INV21640,True,False,5.3,1786014252.858685,invoice_system
A1641,INV21641,True,False,4.3,1786566871.858689,invoice_system
A1642,INV21642,True,False,0,1786735080.8586931,invoice_system
A1643,INV21643,True,False,6.0,1786078952.858698,invoice_system
A1644,,False,False,0,1787126974.8587022,invoice_system
A1645,,False,False,0,1787567929.858707,invoice_system
A1646,INV21646,True,False,16.0,1787617236.858712,invoice_system
A1647,INV21647,True,False,0,1785409885.858716,invoice_system
A1648,INV21648,True,False,9.1,1787664606.85872,invoice_system
A1649,INV21649,True,False,6.5,1787816131.858724,invoice_system
A1650,INV21650,True,False,0,1785763588.858728,invoice_system
A1651,INV21651,True,False,16.3,1786854304.858732,invoice_system
A1652,INV21652,True,False,13.5,1785557794.858737,invoice_system
A1653,,False,False,18.0,1786906583.858741,invoice_system
A1654,INV21654,True,False,8.8,1786073970.858745,invoice_system
A1655,,False,False,2.8,1786143419.8587499,invoice_system
A1656,INV21656,True,False,7.7,1786513244.858755,invoice_system
A1657,INV21657,True,False,0,1787339380.858759,invoice_system
A1658,,False,False,9.3,1786505613.858764,invoice_system
A1659,INV21659,True,False,3.1,1785861526.858768,invoice_system
A1660,INV21660,True,False,0.4,1787697388.858773,invoice_system
A1661,INV21661,True,False,6.2,1785453038.858777,invoice_system
A1662,,False,False,0,1787257367.858782,invoice_system
A1663,,False,False,3.5,1787286598.858786,invoice_system
A1664,,False,False,21.6,1786616456.85879,invoice_system
A1665,INV21665,True,True,5.3,1787074109.858794,invoice_system
A1666,INV21666,True,False,0,1786633638.858798,invoice_system
A1667,,False,False,0,1786561322.858803,invoice_system
A1668,,False,False,0,1785722898.858807,invoice_system
A1669,,False,False,0,1786991477.858811,invoice_system
A1670,INV21670,True,False,0,1785892516.858817,invoice_system
A1671,INV21671,True,False,3.5,1787252224.8588219,invoice_system
A1672,INV21672,True,False,1.6,1787467645.858826,invoice_system
A1673,,False,False,1.9,1785749766.8588312,invoice_system
A1674,,False,False,0,1785873197.858835,invoice_system
A1675,INV21675,True,False,11.1,1787440876.85884,invoice_system
A1676,INV21676,True,False,3.9,1787873011.8588438,invoice_system
A1677,INV21677,True,False,11.3,1785619162.858849,invoice_system
A1678,INV21678,True,False,3.4,1785599734.8588538,invoice_system
A1679,INV21679,True,False,0,1785406966.8588579,invoice_system
A1680,INV21680,True,False,0.5,1786903297.858863,invoice_system
A1681,INV21681,True,False,4.0,1786261966.858867,invoice_system
A1682,INV21682,True,False,8.6,1786058630.858871,invoice_system
A1683,INV21683,True,False,14.9,1786851806.858876,invoice_system
A1684,INV21684,True,False,0,1786249854.85888,invoice_system
A1685,INV21685,True,False,0,1785656047.858884,invoice_system
A1686,,False,False,0.1,1787779843.8588889,invoice_system
A1687,INV21687,True,False,0,1787901292.858894,invoice_system
A1688,INV21688,True,False,26.2,1785897037.858898,invoice_system
A1689,INV21689,True,False,4.8,1787789556.858902,invoice_system
A1690,INV21690,True,False,8.9,1786382548.858907,invoice_system
A1691,INV21691,True,False,0,1786035705.858911,invoice_system
A1692,,False,False,0,1785515378.858915,invoice_system
A1693,INV21693,True,False,0,1786919454.8589199,invoice_system
A1694,,False,False,5.3,1786013605.8589242,invoice_system
A1695,,False,False,3.4,1786453954.858929,invoice_system
A1696,INV21696,True,False,4.9,1786650868.858933,invoice_system
A1697,INV21697,True,False,10.9,1786597699.858937,invoice_system
A1698,INV21698,True,False,0,1785762900.858942,invoice_system
A1699,INV21699,True,False,0,1785801908.858946,invoice_system
A1700,INV21700,True,False,4.0,1786402177.85895,invoice_system
A1701,,False,False,0,1786743131.858955,invoice_system
A1702,INV21702,True,False,18.7,1786004342.8589592,invoice_system
A1703,INV21703,True,False,0,1787452791.858964,invoice_system
A1704,INV21704,True,False,3.2,1786353343.858968,invoice_system
A1705,INV21705,True,False,2.8,1786775046.8589718,invoice_system
A1706,INV21706,True,False,0,1785500958.858977,invoice_system
A1707,INV21707,True,False,6.2,1787767016.8589811,invoice_system
A1708,,False,False,4.5,1787846780.858986,invoice_system
A1709,,False,False,16.8,1786960115.8589911,invoice_system
A1710,INV21710,True,False,8.0,1786060086.858995,invoice_system
A1711,INV21711,True,False,0.9,1785559015.858999,invoice_system
A1712,INV21712,True,False,5.8,1787148263.859005,invoice_system
A1713,,False,False,0,1786100119.85901,invoice_system
A1714,INV21714,True,False,13.9,1787367252.8590138,invoice_system
A1715,INV21715,True,False,5.8,1787574254.859018,invoice_system
A1716,INV21716,True,False,0,1787004745.859023,invoice_system
A1717,INV21717,True,False,5.2,1786638337.859027,invoice_system
A1718,INV21718,True,False,0,1787426576.8590322,invoice_system
A1719,INV21719,True,False,2.1,1787701075.859036,invoice_system
A1720,INV21720,True,False,2.7,1787510394.85904,invoice_system
A1721,INV21721,True,False,0,1786713562.859045,invoice_system
A1722,INV21722,True,False,6.4,1787255073.8590488,invoice_system
A1723,INV21723,True,False,15.6,1785652703.859054,invoice_system
A1724,INV21724,True,False,6.6,1786964311.859058,invoice_system
A1725,,False,False,4.6,1785768217.859062,invoice_system
A1726,,False,False,0,1785701060.859068,invoice_system
A1727,,False,False,10.7,1787562283.859073,invoice_system
A1728,,False,False,0.0,1785828854.8590772,invoice_system
A1729,INV21729,True,False,0,1786449709.859081,invoice_system
A1730,,False,False,0,1787368868.859086,invoice_system
A1731,INV21731,True,False,0,1787229396.8590899,invoice_system
A1732,,False,False,0,1785809785.859095,invoice_system
A1733,INV21733,True,False,0,1785964385.859099,invoice_system
A1734,,False,False,7.6,1785739540.859103,invoice_system
A1735,INV21735,True,False,13.4,1785486441.859107,invoice_system
A1736,,False,False,10.9,1786067444.859112,invoice_system
A1737,INV21737,True,False,0,1785866285.859116,invoice_system
A1738,INV21738,True,False,16.8,1786611903.8591201,invoice_system
A1739,INV21739,True,False,9.6,1787374873.859124,invoice_system
A1740,INV21740,True,False,0.8,1785741275.859128,invoice_system
A1741,,False,False,0,1785738435.859133,invoice_system
A1742,,False,False,2.0,1787568287.859137,invoice_system
A1743,,False,False,17.5,1787838404.859141,invoice_system
A1744,,False,False,4.1,1785560105.859145,invoice_system
A1745,INV21745,True,False,13.7,1785422744.8591502,invoice_system
A1746,INV21746,True,False,10.0,1785512228.859154,invoice_system
A1747,INV21747,True,False,3.6,1786478032.859158,invoice_system
A1748,INV21748,True,False,10.7,1787487561.8591628,invoice_system
A1749,INV21749,True,False,7.9,1785794669.8591669,invoice_system
A1750,INV21750,True,False,5.3,1787729547.8591712,invoice_system
A1751,,False,False,2.5,1786173130.859176,invoice_system
A1752,INV21752,True,False,5.3,1786521823.85918,invoice_system
A1753,,False,False,0,1785503153.859184,invoice_system
A1754,INV21754,True,False,0,1785929183.859189,invoice_system
A1755,INV21755,True,False,0,1787940174.859193,invoice_system
A1756,,False,False,7.7,1786914549.859197,invoice_system
A1757,INV21757,True,False,4.5,1786051348.859201,invoice_system
A1758,,False,False,9.3,1787010668.859206,invoice_system
A1759,,False,False,0,1787858253.85921,invoice_system
A1760,INV21760,True,False,0,1785940048.859214,invoice_system
A1761,,False,False,7.3,1785530321.8592188,invoice_system
A1762,INV21762,True,False,6.9,1785477203.8592231,invoice_system
A1763,,False,False,0,1787737199.859227,invoice_system
A1764,INV21764,True,False,21.4,1786143505.859231,invoice_system
A1765,,False,False,8.5,1787349847.859236,invoice_system
A1766,INV21766,True,False,0,1785831682.859242,invoice_system
A1767,INV21767,True,False,10.7,1787281165.859246,invoice_system
A1768,INV21768,True,False,8.8,1786158761.8592498,invoice_system
A1769,INV21769,True,False,0,1786711255.8592541,invoice_system
A1770,INV21770,True,False,3.7,1786448182.8592582,invoice_system
A1771,,False,False,19.2,1787669996.859263,invoice_system
A1772,,False,False,0,1787259491.8592682,invoice_system
A1773,,False,False,15.9,1785779788.859273,invoice_system
A1774,INV21774,True,False,0,1785393502.859277,invoice_system
A1775,,False,False,5.4,1786449287.859282,invoice_system
A1776,,False,False,2.0,1787548891.859286,invoice_system
A1777,INV21777,True,False,2.8,1786129662.8592908,invoice_system
A1778,INV21778,True,False,0,1786900255.859295,invoice_system
A1779,INV21779,True,False,15.5,1786606934.8593001,invoice_system
A1780,INV21780,True,False,17.7,1785960856.859304,invoice_system
A1781,,False,False,6.8,1787321841.859308,invoice_system
A1782,INV21782,True,False,0,1787424635.859312,invoice_system
A1783,INV21783,True,True,19.2,1787359790.859317,invoice_system
A1784,INV21784,True,False,0,1787249295.859321,invoice_system
A1785,,False,False,0.1,1786605209.859325,invoice_system
A1786,INV21786,True,False,1.5,1786849305.85933,invoice_system
A1787,,False,False,0,1787329843.859334,invoice_system
A1788,INV21788,True,False,1.5,1787533005.859338,invoice_system
A1789,,False,False,0,1787349635.859342,invoice_system
A1790,,False,False,10.2,1787839764.8593469,invoice_system
A1791,INV21791,True,False,15.3,1787143320.859352,invoice_system
A1792,INV21792,True,False,4.0,1786553133.8593569,invoice_system
A1793,INV21793,True,True,19.3,1786013809.859361,invoice_system
A1794,INV21794,True,False,21.8,1785624209.8593652,invoice_system
A1795,INV21795,True,False,0,1786058227.859371,invoice_system
A1796,INV21796,True,False,6.8,1785902371.859375,invoice_system
A1797,INV21797,True,False,0,1786409790.859381,invoice_system
A1798,INV21798,True,False,6.4,1786216255.8593862,invoice_system
A1799,INV21799,True,False,0,1786942170.85939,invoice_system
A1800,INV21800,True,False,5.8,1787745051.859395,invoice_system
A1801,INV21801,True,False,7.5,1785588144.8594,invoice_system
A1802,INV21802,True,False,0,1785720860.859404,invoice_system
A1803,INV21803,True,False,10.7,1785745266.859408,invoice_system
A1804,INV21804,True,False,0,1786265921.859413,invoice_system
A1805,,False,False,0,1787490178.8594172,invoice_system
A1806,INV21806,True,False,0,1786257754.859423,invoice_system
A1807,INV21807,True,False,19.3,1786111415.8594282,invoice_system
A1808,INV21808,True,False,0.5,1786157082.859433,invoice_system
A1809,,False,False,4.8,1787796464.8594382,invoice_system
A1810,,False,False,0,1787428383.859442,invoice_system
A1811,,False,False,26.3,1787528334.859447,invoice_system
A1812,,False,False,12.5,1785795030.8594508,invoice_system
A1813,INV21813,True,False,19.6,1786628655.859456,invoice_system
A1814,,False,False,0.8,1787177070.859461,invoice_system
A1815,INV21815,True,True,12.2,1786538523.859465,invoice_system
A1816,INV21816,True,False,0,1787234550.859469,invoice_system
A1817,,False,False,0,1786879151.859474,invoice_system
A1818,INV21818,True,False,0,1787338682.859478,invoice_system
A1819,INV21819,True,False,0,1787648803.8594828,invoice_system
A1820,INV21820,True,False,0,1787691438.859488,invoice_system
A1821,INV21821,True,True,0,1786357647.859492,invoice_system
A1822,,False,False,0,1786497597.8594959,invoice_system
A1823,INV21823,True,False,4.1,1785740233.8595011,invoice_system
A1824,INV21824,True,False,0,1787014204.859506,invoice_system
A1825,INV21825,True,False,5.6,1786584375.85951,invoice_system
A1826,INV21826,True,False,0,1787647477.859514,invoice_system
A1827,INV21827,True,False,8.4,1786967012.859519,invoice_system
A1828,,False,False,0,1787044110.859523,invoice_system
A1829,INV21829,True,False,3.4,1786441341.8595269,invoice_system
A1830,INV21830,True,False,5.7,1787880177.859531,invoice_system
A1831,,False,False,0,1785694374.859536,invoice_system
A1832,INV21832,True,False,18.3,1786270240.85954,invoice_system
A1833,,False,False,0,1786412463.859545,invoice_system
A1834,INV21834,True,False,5.2,1786469010.859549,invoice_system
A1835,INV21835,True,False,0,1786358969.859553,invoice_system
A1836,,False,False,0,1786858068.8595572,invoice_system
A1837,,False,False,4.9,1787190294.859562,invoice_system
A1838,,False,False,13.7,1786775653.859566,invoice_system
A1839,INV21839,True,False,0,1787017660.85957,invoice_system
A1840,INV21840,True,False,10.4,1786588053.859576,invoice_system
A1841,,False,False,4.9,1787532909.8595798,invoice_system
A1842,,False,False,4.1,1787426131.859585,invoice_system
A1843,INV21843,True,False,2.4,1787080849.859589,invoice_system
A1844,,False,False,0,1785606794.859593,invoice_system
A1845,INV21845,True,False,2.8,1786869107.859597,invoice_system
A1846,INV21846,True,False,4.5,1786621581.859603,invoice_system
A1847,INV21847,True,False,0.7,1785399000.859607,invoice_system
A1848,INV21848,True,False,3.7,1786775618.8596108,invoice_system
A1849,INV21849,True,True,0,1787546337.859616,invoice_system
A1850,INV21850,True,False,0,1787448496.85962,invoice_system
A1851,,False,False,0,1787155719.859624,invoice_system
A1852,INV21852,True,False,0,1787635558.8596292,invoice_system
A1853,INV21853,True,False,7.9,1785680690.859633,invoice_system
A1854,INV21854,True,False,15.4,1787265135.859638,invoice_system
A1855,INV21855,True,False,13.0,1785551633.859642,invoice_system
A1856,INV21856,True,False,6.7,1786649959.8596458,invoice_system
A1857,INV21857,True,False,10.7,1787740222.8596501,invoice_system
A1858,INV21858,True,False,5.5,1785672718.859655,invoice_system
A1859,INV21859,True,False,8.0,1787322072.859659,invoice_system
A1860,INV21860,True,False,6.3,1787557260.859664,invoice_system
A1861,,False,False,18.3,1785462654.859668,invoice_system
A1862,INV21862,True,False,4.7,1787860330.859672,invoice_system
A1863,INV21863,True,False,0,1786683013.8596768,invoice_system
A1864,INV21864,True,False,8.3,1786302123.8596811,invoice_system
A1865,,False,False,0,1787830251.8596852,invoice_system
A1866,INV21866,True,False,5.6,1786258141.859689,invoice_system
A1867,,False,False,18.6,1787291708.859694,invoice_system
A1868,,False,False,6.0,1787922173.8596978,invoice_system
A1869,INV21869,True,False,0,1786283393.859702,invoice_system
A1870,INV21870,True,False,9.9,1787601469.8597069,invoice_system
A1871,INV21871,True,False,6.9,1787713882.859712,invoice_system
A1872,,False,False,9.6,1785366898.8597162,invoice_system
A1873,INV21873,True,False,3.3,1787072320.85972,invoice_system
A1874,INV21874,True,False,0,1787310819.859725,invoice_system
A1875,,False,False,0,1785882530.8597288,invoice_system
A1876,INV21876,True,True,1.0,1785677563.859733,invoice_system
A1877,INV21877,True,False,0,1786599974.8597372,invoice_system
A1878,,False,False,3.3,1787715213.859742,invoice_system
A1879,INV21879,True,False,0.9,1787471110.859746,invoice_system
A1880,INV21880,True,False,0,1787944779.8597498,invoice_system
A1881,INV21881,True,False,0,1786602739.859755,invoice_system
A1882,INV21882,True,False,6.8,1787079630.85976,invoice_system
A1883,INV21883,True,False,0,1787855368.859765,invoice_system
A1884,,False,False,8.1,1785953993.85977,invoice_system
A1885,INV21885,True,False,13.8,1786413743.8597739,invoice_system
A1886,INV21886,True,False,0,1787668788.8597791,invoice_system
A1887,INV21887,True,False,5.9,1787272020.859784,invoice_system
A1888,INV21888,True,False,0,1787031320.859788,invoice_system
A1889,INV21889,True,False,0,1785760400.859793,invoice_system
A1890,,False,False,12.7,1787455699.859797,invoice_system
A1891,INV21891,True,False,2.1,1786093567.859802,invoice_system
A1892,INV21892,True,True,0,1785743558.859806,invoice_system
A1893,INV21893,True,True,12.4,1785498553.85981,invoice_system
A1894,INV21894,True,False,11.0,1787358573.859815,invoice_system
A1895,INV21895,True,False,0,1787638229.859819,invoice_system
A1896,INV21896,True,False,0,1786089854.8598242,invoice_system
A1897,INV21897,True,False,0,1787135401.859828,invoice_system
A1898,,False,False,4.1,1785868806.859832,invoice_system
A1899,INV21899,True,True,0,1785580924.8598368,invoice_system
A1900,INV21900,True,False,7.6,1786953403.859841,invoice_system
A1901,INV21901,True,False,5.3,1786364027.8598452,invoice_system
A1902,,False,False,0,1786268392.859849,invoice_system
A1903,INV21903,True,False,1.8,1785467422.859854,invoice_system
A1904,,False,False,5.0,1786837478.859858,invoice_system
A1905,,False,False,5.9,1787120114.859863,invoice_system
A1906,INV21906,True,False,12.8,1785441423.8598669,invoice_system
A1907,,False,False,0,1786489167.859871,invoice_system
A1908,INV21908,True,False,5.9,1787571998.859875,invoice_system
A1909,INV21909,True,False,0,1786746433.859879,invoice_system
A1910,,False,False,4.6,1787813735.859884,invoice_system
A1911,,False,False,4.4,1787137508.859888,invoice_system
A1912,INV21912,True,False,0,1786259124.859892,invoice_system
A1913,INV21913,True,False,6.6,1786543357.8598971,invoice_system
A1914,INV21914,True,False,8.1,1786611369.859901,invoice_system
A1915,,False,False,3.3,1787245065.859906,invoice_system
A1916,,False,False,3.9,1787876422.8599098,invoice_system
A1917,INV21917,True,False,6.8,1787158483.859915,invoice_system
A1918,INV21918,True,False,4.9,1787874951.859919,invoice_system
A1919,INV21919,True,False,1.2,1787454369.859924,invoice_system
A1920,,False,False,6.6,1786712820.8599281,invoice_system
A1921,INV21921,True,False,0,1786588985.859933,invoice_system
A1922,,False,False,14.8,1786098082.8599381,invoice_system
A1923,INV21923,True,False,0,1785859088.859942,invoice_system
A1924,INV21924,True,False,6.0,1786506530.859947,invoice_system
A1925,INV21925,True,False,10.5,1787141782.859951,invoice_system
A1926,,False,False,4.9,1787068798.859957,invoice_system
A1927,INV21927,True,False,0,1787280322.8599622,invoice_system
A1928,INV21928,True,False,0,1786271852.859966,invoice_system
A1929,INV21929,True,False,0,1787089755.859971,invoice_system
A1930,INV21930,True,False,0.7,1787442217.859976,invoice_system
A1931,,False,False,0,1785525615.859981,invoice_system
A1932,INV21932,True,False,7.7,1787921977.8599858,invoice_system
A1933,,False,False,0,1787546334.859992,invoice_system
A1934,INV21934,True,False,5.1,1785738630.8599958,invoice_system
A1935,INV21935,True,False,20.2,1786240016.860002,invoice_system
A1936,INV21936,True,True,0.3,1787770449.8600059,invoice_system
A1937,,False,False,0,1785662456.860012,invoice_system
A1938,INV21938,True,False,0,1786685249.8600168,invoice_system
A1939,INV21939,True,False,10.7,1787007971.860022,invoice_system
A1940,INV21940,True,False,7.7,1786279884.8600261,invoice_system
A1941,,False,False,0,1786589788.860031,invoice_system
A1942,INV21942,True,True,0,1787261612.8600361,invoice_system
A1943,,False,False,14.2,1787472541.86004,invoice_system
A1944,INV21944,True,False,10.0,1787176503.860045,invoice_system
A1945,,False,False,0,1787354345.86005,invoice_system
A1946,INV21946,True,False,0,1785466573.860055,invoice_system
A1947,INV21947,True,False,5.0,1786231626.86006,invoice_system
A1948,INV21948,True,False,0,1787221703.860065,invoice_system
A1949,INV21949,True,False,0,1787551972.86007,invoice_system
A1950,INV21950,True,True,0,1787150985.860076,invoice_system
A1951,INV21951,True,False,0,1786144053.8600802,invoice_system
A1952,INV21952,True,False,6.5,1785910290.860085,invoice_system
A1953,,False,False,6.5,1786461213.86009,invoice_system
A1954,INV21954,True,False,12.0,1787842529.860096,invoice_system
A1955,INV21955,True,False,5.5,1786792917.8601012,invoice_system
A1956,,False,False,0,1786506490.860106,invoice_system
A1957,INV21957,True,False,12.1,1787682551.860111,invoice_system
A1958,INV21958,True,False,9.8,1786808026.860116,invoice_system
A1959,INV21959,True,False,15.8,1787679750.860121,invoice_system
A1960,INV21960,True,False,0.2,1786859544.860126,invoice_system
A1961,INV21961,True,False,2.7,1785709975.86013,invoice_system
A1962,,False,False,11.0,1786804387.8601348,invoice_system
A1963,,False,False,0,1786627268.86014,invoice_system
A1964,,False,False,10.7,1787190607.8601449,invoice_system
A1965,INV21965,True,False,4.8,1786545406.860149,invoice_system
A1966,INV21966,True,True,5.7,1786736963.8601549,invoice_system
A1967,INV21967,True,False,6.1,1787925057.860162,invoice_system
A1968,INV21968,True,False,4.6,1786798889.8601658,invoice_system
A1969,INV21969,True,False,21.0,1786890353.860171,invoice_system
A1970,INV21970,True,False,15.1,1786097048.8601758,invoice_system
A1971,INV21971,True,False,2.0,1787365711.860181,invoice_system
A1972,,False,False,4.4,1785490258.860186,invoice_system
A1973,,False,False,0,1786498067.8601909,invoice_system
A1974,,False,False,0,1785527211.860196,invoice_system
A1975,INV21975,True,False,8.6,1786154192.860201,invoice_system
A1976,,False,False,2.2,1786559224.860207,invoice_system
A1977,INV21977,True,False,0,1787844071.860211,invoice_system
A1978,INV21978,True,False,0,1786248927.8602161,invoice_system
A1979,INV21979,True,False,1.0,1786996688.860221,invoice_system
A1980,,False,False,6.7,1787469390.8602262,invoice_system
A1981,,False,False,0,1787708191.860231,invoice_system
A1982,,False,False,1.6,1787507727.860235,invoice_system
A1983,INV21983,True,False,10.2,1787848765.86024,invoice_system
A1984,,False,False,0,1785584397.860245,invoice_system
A1985,,False,False,3.2,1787244188.86025,invoice_system
A1986,INV21986,True,False,5.0,1786710178.860255,invoice_system
A1987,,False,False,0,1787972330.86026,invoice_system
A1988,INV21988,True,False,5.3,1786923640.8602638,invoice_system
A1989,INV21989,True,False,0,1785488200.860269,invoice_system
A1990,,False,False,0,1786376450.8602738,invoice_system
A1991,,False,False,7.0,1785391593.860279,invoice_system
A1992,INV21992,True,False,0,1787901870.8602839,invoice_system
A1993,INV21993,True,False,0,1785805237.860288,invoice_system
A1994,INV21994,True,False,13.3,1787745906.8602931,invoice_system
A1995,INV21995,True,False,0,1787611106.860298,invoice_system
A1996,,False,False,17.2,1786652620.8603032,invoice_system
A1997,,False,False,0,1787765261.860308,invoice_system
A1998,,False,False,2.0,1786986572.8603132,invoice_system
A1999,INV21999,True,False,3.2,1787639284.860317,invoice_system
