asset_id,production_pct,production_delay_days,supplier_reliability,ts,source
A1000,75,7.89,0.896,1787262697.85589,production_system
A1001,66,1.16,0.7372,1787629821.8558989,production_system
A1002,77,3.95,0.8198,1786568616.855905,production_system
A1003,61,0,0.7161,1786414033.8559098,production_system
A1004,100,0,0.5121,1787468073.855915,production_system
A1005,25,0,0.7006,1785438201.85592,production_system
A1006,95,12.36,0.8876,1786617724.855925,production_system
A1007,67,1.62,0.7862,1786898752.8559291,production_system
A1008,100,7.01,0.6977,1786073731.855934,production_system
A1009,65,7.2,0.6516,1787004853.855938,production_system
A1010,100,6.44,0.885,1785489794.855943,production_system
A1011,62,6.48,0.882,1787362393.855947,production_system
A1012,52,4.2,0.8766,1786761385.855951,production_system
A1013,54,5.31,0.8362,1787397811.855956,production_system
A1014,80,5.15,0.7165,1787194463.8559601,production_system
A1015,50,1.23,0.6722,1787834591.855965,production_system
A1016,51,5.53,0.7059,1787638865.855969,production_system
A1017,86,3.99,0.7662,1786647013.855973,production_system
A1018,62,5.76,0.6305,1786993745.855977,production_system
A1019,73,0.52,0.3878,1786167164.855981,production_system
A1020,31,4.68,0.7847,1787261200.855985,production_system
A1021,84,6.41,0.8535,1786240761.85599,production_system
A1022,100,0,0.8733,1785895374.8559942,production_system
A1023,23,0,0.9391,1787155730.855998,production_system
A1024,65,1.46,0.7622,1787820207.8560011,production_system
A1025,100,8.74,0.6496,1786265067.8560052,production_system
A1026,59,3.71,0.5399,1787182785.85601,production_system
A1027,76,0.71,0.8155,1786863148.856014,production_system
A1028,31,4.41,0.8456,1786662435.8560178,production_system
A1029,89,0,0.8955,1786779833.8560221,production_system
A1030,49,0.53,0.9088,1787313967.8560278,production_system
A1031,19,1.54,0.6869,1787054453.856032,production_system
A1032,100,0,0.8389,1786138394.8560379,production_system
A1033,50,0,0.9562,1785410998.856042,production_system
A1034,18,1.2,0.8329,1787250608.856046,production_system
A1035,84,1.91,0.8214,1785632362.856051,production_system
A1036,93,10.05,0.7739,1785948123.856055,production_system
A1037,58,0.29,0.792,1786070201.8560588,production_system
A1038,56,3.74,0.8535,1785840398.856063,production_system
A1039,82,10.73,0.6704,1786604183.8560672,production_system
A1040,65,8.12,0.8708,1787307393.856071,production_system
A1041,61,2.27,0.8312,1786167076.856075,production_system
A1042,46,3.88,0.9044,1787152885.8560798,production_system
A1043,92,0,0.9255,1786705244.856085,production_system
A1044,74,0,0.7824,1785473334.856089,production_system
A1045,74,3.91,0.8914,1786040437.856093,production_system
A1046,61,0,0.8285,1785645101.856098,production_system
A1047,73,8.21,0.6459,1786772982.856102,production_system
A1048,89,0.11,0.6971,1785808304.856106,production_system
A1049,67,3.5,0.8612,1786022136.85611,production_system
A1050,31,7.05,0.7907,1787306542.856114,production_system
A1051,56,13.24,0.9453,1786471845.856118,production_system
A1052,66,0.83,0.9697,1787825318.856122,production_system
A1053,100,0,0.8891,1785555297.856126,production_system
A1054,80,2.47,0.7362,1787014635.8561301,production_system
A1055,69,7.84,0.6372,1786266919.856134,production_system
A1056,59,7.31,0.8197,1786641771.856138,production_system
A1057,35,4.55,0.7304,1785997196.856142,production_system
A1058,100,6.56,0.9342,1787542826.856147,production_system
A1059,64,0,0.7432,1786114265.856151,production_system
A1060,100,2.03,0.8755,1786465102.8561559,production_system
A1061,57,7.84,0.8491,1785903588.85616,production_system
A1062,80,4.34,0.6317,1787767097.856164,production_system
A1063,42,2.9,0.6669,1786337867.8561668,production_system
A1064,60,0,0.6819,1787001062.856171,production_system
A1065,79,9.54,0.4608,1786057986.8561761,production_system
A1066,77,9.43,0.9442,1785781514.856179,production_system
A1067,69,5.78,0.8767,1786854070.856183,production_system
A1068,100,2.86,0.9282,1787773635.8561869,production_system
A1069,67,7.48,0.7287,1786272544.856191,production_system
A1070,84,1.6,0.7648,1786070470.856195,production_system
A1071,92,8.56,0.8655,1786330149.856199,production_system
A1072,53,9.73,0.8584,1786837022.856203,production_system
A1073,71,13.42,0.8579,1786416148.8562071,production_system
A1074,100,6.96,0.8017,1787379682.856212,production_system
A1075,78,3.57,0.5686,1785813612.856216,production_system
A1076,49,2.2,0.7779,1786658082.85622,production_system
A1077,94,5.94,0.8239,1786043014.856225,production_system
A1078,54,11.36,0.8176,1787022775.856229,production_system
A1079,89,5.65,0.9443,1785626371.856233,production_system
A1080,100,7.17,0.9101,1785772117.8562372,production_system
A1081,94,3.82,0.7767,1787838590.856241,production_system
A1082,75,8.97,0.7279,1787678330.856246,production_system
A1083,58,0,0.8119,1786723785.85625,production_system
A1084,79,10.14,0.5344,1785560682.8562539,production_system
A1085,100,1.6,0.8854,1786588882.856259,production_system
A1086,29,10.33,0.9905,1786519888.8562639,production_system
A1087,43,0,0.8625,1786145639.856268,production_system
A1088,32,0,0.7252,1787454279.856273,production_system
A1089,100,3.19,0.6696,1787601170.856277,production_system
A1090,74,0,0.8351,1785577791.85628,production_system
A1091,93,0,0.4038,1786358154.8562849,production_system
A1092,51,0,0.8003,1786901416.856289,production_system
A1093,100,0,0.8679,1787330185.8562932,production_system
A1094,100,0.42,0.751,1786498576.856298,production_system
A1095,82,6.4,0.662,1786928134.856301,production_system
A1096,84,2.13,0.8275,1786675094.8563058,production_system
A1097,94,1.74,0.8431,1785970594.856309,production_system
A1098,64,8.12,0.7427,1785611994.856313,production_system
A1099,100,0.68,0.8339,1787288092.856318,production_system
A1100,55,3.24,0.8853,1787187657.856322,production_system
A1101,100,2.67,0.4798,1787536587.8563251,production_system
A1102,95,2.97,0.8427,1787877482.85633,production_system
A1103,56,0,0.9545,1787725137.856334,production_system
A1104,100,0,0.755,1786891471.856338,production_system
A1105,55,1.54,0.8039,1785593390.856342,production_system
A1106,45,0,0.8701,1785908543.8563461,production_system
A1107,78,4.77,0.9439,1785916044.85635,production_system
A1108,78,0,0.8512,1786014173.856354,production_system
A1109,100,0,0.6456,1785637743.8563578,production_system
A1110,100,7.69,0.908,1785779625.8563619,production_system
A1111,42,0.56,0.7181,1786587553.856367,production_system
A1112,76,1.91,0.5934,1786116253.856371,production_system
A1113,48,5.49,0.6112,1785432079.856375,production_system
A1114,42,6.04,0.8261,1786178135.8563788,production_system
A1115,100,0.75,0.6719,1785877109.856383,production_system
A1116,99,8.83,0.8273,1785661604.856386,production_system
A1117,94,9.89,0.6733,1787236179.856392,production_system
A1118,66,5.05,0.7202,1787392949.856396,production_system
A1119,96,0,0.9913,1786009481.856401,production_system
A1120,81,1.98,0.5816,1787258926.856405,production_system
A1121,78,3.13,0.471,1787539039.856409,production_system
A1122,64,5.55,0.7294,1786345108.856413,production_system
A1123,90,0,0.6072,1786616833.856417,production_system
A1124,60,0,0.5956,1785871047.8564212,production_system
A1125,94,9.53,0.7884,1786166553.856426,production_system
A1126,59,0,0.7266,1787675081.856431,production_system
A1127,51,0,0.8788,1787429991.856435,production_system
A1128,84,8.77,0.9535,1787736848.856439,production_system
A1129,42,5.49,0.8494,1787438753.8564422,production_system
A1130,66,0,0.7645,1785657921.856447,production_system
A1131,62,3.94,0.9255,1787545774.856451,production_system
A1132,78,0,0.8648,1786291394.8564548,production_system
A1133,100,0,0.8984,1785416322.856459,production_system
A1134,50,0,0.8623,1787419345.8564632,production_system
A1135,68,10.28,0.9461,1787213359.856467,production_system
A1136,100,6.05,0.9595,1787088570.856471,production_system
A1137,100,9.32,0.9693,1785497329.8564749,production_system
A1138,62,5.48,0.931,1785465564.856479,production_system
A1139,62,5.92,0.994,1787370644.856483,production_system
A1140,76,1.4,0.8347,1786096398.8564868,production_system
A1141,78,9.4,0.7713,1786528935.856492,production_system
A1142,62,7.01,0.8401,1786210234.856496,production_system
A1143,100,8.32,0.6998,1786518489.8565,production_system
A1144,46,6.84,0.6261,1786433330.856504,production_system
A1145,76,0,0.7918,1786397374.856508,production_system
A1146,100,4.89,0.609,1785533819.856512,production_system
A1147,100,0,0.8739,1787074646.8565161,production_system
A1148,51,3.65,0.9317,1786750396.856521,production_system
A1149,100,9.27,0.8224,1787843894.856525,production_system
A1150,16,5.16,0.8185,1785889583.856529,production_system
A1151,100,5.64,0.9231,1787412796.856533,production_system
A1152,31,0,0.5742,1786810938.856537,production_system
A1153,50,0,0.8483,1785477240.856541,production_system
A1154,85,0,0.7448,1787687026.856545,production_system
A1155,48,0,0.8282,1786446711.856549,production_system
A1156,49,6.73,0.8298,1785955183.856554,production_system
A1157,100,8.07,0.4621,1786616148.856558,production_system
A1158,96,14.53,0.7085,1786335411.856562,production_system
A1159,39,4.28,0.7361,1787733400.856566,production_system
A1160,68,5.91,0.7913,1786351485.856571,production_system
A1161,62,10.48,0.6525,1786193674.856575,production_system
A1162,100,4.7,0.6981,1787555452.856579,production_system
A1163,84,0,0.78,1787884588.8565829,production_system
A1164,94,18.59,0.7991,1787365763.8565881,production_system
A1165,100,0.77,0.8718,1787666706.856592,production_system
A1166,100,6.39,0.6234,1787890714.856597,production_system
A1167,50,0.33,0.5301,1786064417.856601,production_system
A1168,100,13.29,0.6377,1786426589.8566048,production_system
A1169,100,0,0.8772,1787042509.856611,production_system
A1170,100,6.96,0.8447,1785523724.8566148,production_system
A1171,92,0,0.6284,1785628467.8566191,production_system
A1172,100,9.11,0.696,1786164340.8566232,production_system
A1173,92,3.61,0.9514,1785362609.856627,production_system
A1174,75,12.02,0.5723,1785475290.856632,production_system
A1175,60,0,0.8525,1787775634.8566358,production_system
A1176,45,0,0.9228,1786554736.856642,production_system
A1177,46,0,0.7215,1785785988.8566458,production_system
A1178,97,0.59,0.7469,1787280263.856651,production_system
A1179,100,4.45,0.6815,1785461738.8566551,production_system
A1180,100,0.04,0.908,1787320860.856658,production_system
A1181,100,2.84,0.5801,1787260865.856663,production_system
A1182,40,0,0.611,1787643157.8566668,production_system
A1183,77,0,0.9053,1785998230.856671,production_system
A1184,94,0,0.8944,1785446765.8566751,production_system
A1185,63,0,0.9261,1785904396.85668,production_system
A1186,100,7.98,0.6408,1785491000.856684,production_system
A1187,60,8.09,0.5004,1787055989.856688,production_system
A1188,60,4.76,0.6732,1785521285.856692,production_system
A1189,86,7.49,0.8086,1785786285.8566961,production_system
A1190,41,4.42,0.6442,1787530689.8567,production_system
A1191,61,0,0.804,1786165725.856704,production_system
A1192,83,0,0.803,1785553158.856708,production_system
A1193,67,0,0.6155,1786066402.8567119,production_system
A1194,76,3.66,0.9289,1787589446.856716,production_system
A1195,86,0.07,0.6827,1785337663.85672,production_system
A1196,97,4.71,0.7633,1786786999.856724,production_system
A1197,98,0,0.8349,1785559456.856728,production_system
A1198,100,2.5,0.8794,1786909089.856731,production_system
A1199,87,7.72,0.9099,1786446269.856735,production_system
A1200,100,8.56,0.632,1785814023.85674,production_system
A1201,60,5.85,0.8614,1786385177.856745,production_system
A1202,55,7.2,0.7477,1786684722.85675,production_system
A1203,19,0.18,0.8912,1785520056.8567538,production_system
A1204,69,1.35,0.8003,1787245681.856758,production_system
A1205,100,6.13,0.8734,1787610941.8567622,production_system
A1206,100,14.19,0.8897,1787802906.856767,production_system
A1207,100,0.5,0.7946,1786469027.856771,production_system
A1208,89,0,0.6943,1786703750.8567748,production_system
A1209,94,0,0.6189,1786214912.856779,production_system
A1210,100,6.75,0.7626,1786550793.8567839,production_system
A1211,100,0,0.7614,1786318257.856788,production_system
A1212,100,13.58,0.9658,1786268616.856792,production_system
A1213,100,3.98,0.8811,1785594065.8567958,production_system
A1214,62,7.49,0.5654,1787643467.856801,production_system
A1215,71,4.96,0.5155,1785353884.856805,production_system
A1216,84,0,0.8589,1787863069.856809,production_system
A1217,74,9.84,0.9138,1785534287.856813,production_system
A1218,72,3.52,0.7649,1786603301.856817,production_system
A1219,60,1.27,0.6854,1785606525.856822,production_system
A1220,88,0.68,0.6468,1785421376.856826,production_system
A1221,100,0,0.5726,1786611046.85683,production_system
A1222,72,1.74,0.7529,1785820358.856834,production_system
A1223,38,0,0.9158,1786407513.856838,production_system
A1224,82,0,0.7158,1786711318.856842,production_system
A1225,77,0,0.9547,1786857295.856846,production_system
A1226,73,6.97,0.7241,1785595063.8568509,production_system
A1227,65,11.47,0.8422,1786484401.8568552,production_system
A1228,68,6.41,0.6969,1787342283.856859,production_system
A1229,60,0,0.7686,1786678022.856863,production_system
A1230,76,8.37,0.9116,1785814654.856867,production_system
A1231,100,10.14,0.9153,1786146258.856871,production_system
A1232,100,0,0.9586,1787136066.856875,production_system
A1233,36,0,0.8523,1787842268.8568802,production_system
A1234,100,2.97,0.7101,1786336863.856884,production_system
A1235,98,0,0.8151,1787870353.856888,production_system
A1236,37,10.99,0.8635,1787789137.8568919,production_system
A1237,62,0,0.9694,1786404464.856896,production_system
A1238,100,0,0.7446,1786137564.8569002,production_system
A1239,86,0,0.7187,1785362368.856904,production_system
A1240,49,4.84,0.6895,1787118596.856908,production_system
A1241,94,1.06,0.8847,1785600175.856912,production_system
A1242,100,4.07,0.8818,1787575500.856916,production_system
A1243,100,0,0.8687,1787505860.85692,production_system
A1244,39,0,0.9118,1786786404.8569238,production_system
A1245,99,1.11,0.6624,1787708795.856928,production_system
A1246,43,0,0.6245,1785971889.856933,production_system
A1247,76,0,0.7392,1786216386.856938,production_system
A1248,69,7.0,0.7144,1785644845.8569422,production_system
A1249,78,5.12,0.6675,1786555507.8569448,production_system
A1250,94,4.81,0.8969,1785544044.856949,production_system
A1251,87,0,0.9344,1786601634.856954,production_system
A1252,82,6.31,0.711,1785386395.856958,production_system
A1253,100,1.89,0.8127,1786404426.856962,production_system
A1254,63,4.92,0.8034,1786017197.856967,production_system
A1255,100,0.51,0.8637,1786747364.856971,production_system
A1256,7,0,0.7613,1786512348.856975,production_system
A1257,47,2.84,0.6237,1786346557.856979,production_system
A1258,100,10.24,0.7096,1785455868.8569841,production_system
A1259,89,5.41,0.8909,1787414736.856988,production_system
A1260,100,5.08,0.9088,1786780129.856993,production_system
A1261,97,0,0.8201,1787612110.856997,production_system
A1262,95,0.44,0.8599,1785674092.857001,production_system
A1263,73,0,0.6854,1787076807.8570051,production_system
A1264,100,11.25,0.539,1785710850.857009,production_system
A1265,18,3.2,0.6387,1786918072.857013,production_system
A1266,65,9.23,0.4832,1786561617.857017,production_system
A1267,88,4.91,0.8828,1787267090.8570209,production_system
A1268,72,0.36,0.8344,1785424211.857025,production_system
A1269,99,0,0.627,1787466946.8570292,production_system
A1270,62,3.44,0.9419,1785442765.857033,production_system
A1271,58,9.5,0.7693,1786307775.857037,production_system
A1272,75,8.07,0.7425,1785511139.857041,production_system
A1273,81,5.56,0.9358,1786143251.8570461,production_system
A1274,52,7.3,0.4965,1786042616.8570502,production_system
A1275,79,5.38,0.7875,1786520751.857054,production_system
A1276,100,5.67,0.5159,1786821776.857058,production_system
A1277,31,5.0,0.6909,1787153144.8570619,production_system
A1278,64,0,0.8409,1786713246.857066,production_system
A1279,76,8.67,0.8374,1786376085.85707,production_system
A1280,88,5.93,0.8169,1787061073.857074,production_system
A1281,95,0.75,0.6094,1786689101.857078,production_system
A1282,74,9.85,0.7239,1787687129.8570821,production_system
A1283,100,3.71,0.7133,1786368589.857086,production_system
A1284,100,1.51,0.9645,1787561378.8570912,production_system
A1285,99,2.99,0.8767,1786834209.857096,production_system
A1286,81,11.2,0.7762,1787430786.857101,production_system
A1287,46,0,0.9096,1786595274.857106,production_system
A1288,74,3.64,0.7986,1786192679.857111,production_system
A1289,85,0.85,0.7309,1786974834.8571148,production_system
A1290,100,3.0,0.9098,1785471371.857119,production_system
A1291,100,5.89,0.889,1787229886.8571231,production_system
A1292,100,5.95,0.8554,1785609975.857128,production_system
A1293,48,4.86,0.7724,1786102207.857132,production_system
A1294,90,4.37,0.7959,1786431576.857136,production_system
A1295,98,6.31,0.9774,1787295333.85714,production_system
A1296,25,1.04,0.6502,1786326896.857144,production_system
A1297,100,7.18,0.6936,1785950641.857148,production_system
A1298,44,15.14,0.6541,1786422655.857152,production_system
A1299,100,0,0.8713,1786611999.857156,production_system
A1300,71,8.97,0.5478,1786741500.8571599,production_system
A1301,100,0,0.9314,1786120198.8571641,production_system
A1302,100,2.9,0.7578,1785575892.857168,production_system
A1303,80,6.45,0.6915,1786237231.857172,production_system
A1304,100,0,0.6413,1785890988.857175,production_system
A1305,94,0.99,0.8152,1785868090.857179,production_system
A1306,100,1.02,0.7264,1787469362.857183,production_system
A1307,84,2.13,0.8844,1786867771.857188,production_system
A1308,33,0.0,0.8515,1786168025.857192,production_system
A1309,24,3.22,0.8811,1785451672.857197,production_system
A1310,87,1.17,0.8466,1785978406.8572009,production_system
A1311,86,3.85,0.6103,1785877665.857205,production_system
A1312,66,0,0.8692,1786327460.8572092,production_system
A1313,78,2.63,0.7247,1787234285.857214,production_system
A1314,84,0,0.7553,1786122582.857218,production_system
A1315,93,2.76,0.879,1786023173.8572218,production_system
A1316,87,5.92,0.814,1787533212.857226,production_system
A1317,82,0,0.8646,1787045820.8572302,production_system
A1318,82,1.88,0.7523,1787433715.857234,production_system
A1319,56,8.07,0.8243,1786097184.857238,production_system
A1320,51,4.65,0.7428,1786882228.857242,production_system
A1321,55,13.87,0.6882,1787601011.857246,production_system
A1322,59,6.9,0.7531,1787460972.85725,production_system
A1323,100,4.28,0.8762,1787146475.857253,production_system
A1324,50,6.66,0.8962,1785915923.857257,production_system
A1325,86,0,0.7362,1786970473.857261,production_system
A1326,93,2.18,0.7687,1785403366.857266,production_system
A1327,100,0.71,0.9345,1787519936.85727,production_system
A1328,87,0.64,0.7199,1787740182.857274,production_system
A1329,82,0,0.7298,1787288793.857279,production_system
A1330,100,0,0.8082,1785710842.857284,production_system
A1331,62,7.74,0.5894,1787787574.857288,production_system
A1332,100,2.22,0.8323,1786495070.8572931,production_system
A1333,100,9.49,0.9617,1786920104.857297,production_system
A1334,58,5.09,0.6763,1786455736.857301,production_system
A1335,58,9.54,0.6353,1785714281.857305,production_system
A1336,34,0,0.6885,1787260123.8573089,production_system
A1337,100,5.31,0.3908,1785639419.857314,production_system
A1338,83,0,0.7323,1787543342.857318,production_system
A1339,100,7.27,0.8232,1785544178.857322,production_system
A1340,74,9.46,0.747,1786524475.857326,production_system
A1341,41,1.32,0.7178,1786604405.8573298,production_system
A1342,87,0.62,0.9658,1786814219.857334,production_system
A1343,82,5.42,0.8119,1786447603.857339,production_system
A1344,70,7.35,0.6761,1786033519.857343,production_system
A1345,67,1.87,0.9426,1785395876.8573482,production_system
A1346,64,3.06,0.9721,1787909628.857352,production_system
A1347,100,3.21,0.5869,1787113273.857356,production_system
A1348,85,6.24,0.7744,1787742572.85736,production_system
A1349,41,0.73,0.8034,1787833450.857364,production_system
A1350,100,7.87,0.8525,1786353047.857368,production_system
A1351,100,3.17,0.7888,1786045012.8573718,production_system
A1352,82,0,0.5984,1787369315.857376,production_system
A1353,81,7.58,0.8916,1786176504.8573802,production_system
A1354,57,13.77,0.9115,1785841472.857384,production_system
A1355,100,4.93,0.8935,1787759006.857388,production_system
A1356,100,11.04,0.7628,1787206421.8573928,production_system
A1357,76,0.5,0.9299,1787416351.857397,production_system
A1358,63,9.38,0.8239,1786824876.8574011,production_system
A1359,76,0,0.82,1785988144.857405,production_system
A1360,55,6.79,0.9017,1786872881.85741,production_system
A1361,74,0.75,0.6702,1786257898.857414,production_system
A1362,38,0,0.9133,1786360750.8574169,production_system
A1363,66,0,0.9693,1787287729.8574212,production_system
A1364,61,0.7,0.6223,1787837788.857425,production_system
A1365,25,0,0.7928,1787284380.85743,production_system
A1366,79,0,0.7406,1786281205.857435,production_system
A1367,55,0,0.7546,1787491013.857439,production_system
A1368,97,0.88,0.7484,1787656949.857443,production_system
A1369,100,8.37,0.5344,1787171621.857447,production_system
A1370,81,2.2,0.8392,1786353783.857451,production_system
A1371,71,0.42,0.6798,1786126896.857455,production_system
A1372,54,0,0.7603,1786890043.85746,production_system
A1373,98,12.56,0.7701,1787854181.857465,production_system
A1374,100,0,0.6816,1786600503.8574688,production_system
A1375,98,14.35,0.9339,1785873859.8574731,production_system
A1376,62,10.14,0.7267,1786753500.8574772,production_system
A1377,53,0,0.7938,1786860397.857481,production_system
A1378,58,9.46,0.5165,1786339587.857485,production_system
A1379,69,0,0.8241,1786326952.8574889,production_system
A1380,91,0,0.9703,1786260821.857493,production_system
A1381,62,0.01,0.6092,1786632890.857497,production_system
A1382,81,2.94,0.9201,1787142934.857501,production_system
A1383,99,10.85,0.9539,1785503803.857505,production_system
A1384,88,2.19,0.8506,1786345082.8575091,production_system
A1385,85,4.8,0.8103,1787869804.857513,production_system
A1386,37,7.4,0.5971,1787403267.8575182,production_system
A1387,100,0,0.8944,1786749250.857522,production_system
A1388,61,0,0.9469,1785568377.857526,production_system
A1389,59,4.46,0.8664,1786588077.85753,production_system
A1390,80,1.34,0.4995,1785427670.857534,production_system
A1391,57,5.34,0.4464,1787719077.857538,production_system
A1392,30,3.55,0.7519,1786667778.857543,production_system
A1393,100,8.12,0.7296,1787436568.857547,production_system
A1394,88,5.89,0.8226,1786763617.857551,production_system
A1395,77,0,0.8408,1786695330.857555,production_system
A1396,38,0,0.7361,1787188996.857559,production_system
A1397,59,0.9,0.8502,1785725735.857564,production_system
A1398,76,2.25,0.7214,1787590364.857568,production_system
A1399,54,4.79,0.7178,1787603595.857572,production_system
A1400,25,8.05,0.7408,1785626221.8575768,production_system
A1401,100,0,0.7491,1787721426.8575811,production_system
A1402,66,0,0.9229,1787557629.857586,production_system
A1403,100,0,0.6819,1786900797.85759,production_system
A1404,92,0,0.9049,1787045893.857594,production_system
A1405,92,0,0.8177,1786479917.857598,production_system
A1406,79,2.43,0.8075,1787925987.857604,production_system
A1407,100,0,0.9136,1785838209.8576078,production_system
A1408,78,11.54,0.9033,1786816229.8576121,production_system
A1409,100,1.3,0.8562,1786231228.857616,production_system
A1410,68,4.5,0.6047,1786746483.85762,production_system
A1411,16,8.54,0.8705,1785474311.857624,production_system
A1412,36,4.57,0.4862,1786382791.8576288,production_system
A1413,59,0.11,0.8481,1787238123.857633,production_system
A1414,74,6.55,0.8785,1785627268.8576362,production_system
A1415,62,5.66,0.8823,1786574338.857641,production_system
A1416,100,0,0.9326,1786371768.857646,production_system
A1417,59,0,0.7346,1787519145.8576498,production_system
A1418,95,3.86,0.9325,1787565187.857654,production_system
A1419,100,4.67,0.9263,1786729236.8576581,production_system
A1420,91,3.62,0.6715,1786471121.857663,production_system
A1421,100,5.72,0.8649,1786303076.857667,production_system
A1422,71,0,0.7506,1787552003.857671,production_system
A1423,78,0,0.8167,1787694439.857675,production_system
A1424,83,2.6,0.5324,1787160013.8576791,production_system
A1425,66,3.79,0.6491,1786996929.857683,production_system
A1426,81,10.59,0.8929,1787237433.857687,production_system
A1427,83,9.01,0.7006,1786917118.8576908,production_system
A1428,87,2.27,0.8466,1785822473.8576949,production_system
A1429,100,2.77,0.8748,1787771730.8577,production_system
A1430,57,3.81,0.6972,1787191595.857704,production_system
A1431,100,7.96,0.4365,1787600172.857708,production_system
A1432,77,8.36,0.8025,1786454405.857712,production_system
A1433,100,0,0.8389,1787311227.857716,production_system
A1434,68,2.02,0.8957,1786189915.8577201,production_system
A1435,83,2.73,0.5955,1785505996.857725,production_system
A1436,85,3.55,0.8054,1787033386.857729,production_system
A1437,47,3.97,0.7437,1785730823.857733,production_system
A1438,44,0,0.9637,1787552788.857737,production_system
A1439,42,2.01,0.4769,1787889658.857741,production_system
A1440,84,0,0.4791,1786534087.857745,production_system
A1441,100,1.75,0.7906,1785616903.85775,production_system
A1442,77,7.48,0.7714,1786944890.857753,production_system
A1443,100,6.11,0.8357,1787074457.857758,production_system
A1444,54,0,0.5085,1785740384.857762,production_system
A1445,33,7.29,0.9092,1785987833.857766,production_system
A1446,52,4.62,0.7375,1786595428.857771,production_system
A1447,70,6.8,0.9757,1786124178.8577752,production_system
A1448,72,8.9,0.8622,1785535842.857779,production_system
A1449,100,0,0.6487,1785999145.857783,production_system
A1450,80,10.96,0.7411,1785866753.857787,production_system
A1451,100,0,0.9607,1786547451.857792,production_system
A1452,100,0,0.7905,1786592962.8577962,production_system
A1453,97,1.15,0.7237,1787486706.8578,production_system
A1454,63,6.53,0.6624,1787470148.857804,production_system
A1455,100,11.45,0.8616,1786177892.8578079,production_system
A1456,97,9.02,0.8664,1786249911.857812,production_system
A1457,76,0.4,0.9343,1787160977.8578181,production_system
A1458,69,16.15,0.6568,1787303143.857822,production_system
A1459,93,6.19,0.6906,1787470202.857826,production_system
A1460,100,7.52,0.5908,1785733149.8578298,production_system
A1461,98,14.14,0.6798,1785723555.857835,production_system
A1462,25,1.34,0.5095,1787575232.857839,production_system
A1463,96,1.49,0.7542,1786597778.857843,production_system
A1464,100,4.02,0.7887,1785982233.857847,production_system
A1465,45,0,0.8284,1785766872.8578508,production_system
A1466,88,0.17,0.9577,1785582151.857854,production_system
A1467,56,0,0.9655,1785907090.8578591,production_system
A1468,100,0,0.6696,1786732719.857863,production_system
A1469,51,1.68,0.9436,1785959012.857867,production_system
A1470,46,0,0.9299,1787389521.8578718,production_system
A1471,100,3.69,0.6073,1786163313.857876,production_system
A1472,54,3.6,0.7919,1787106493.85788,production_system
A1473,98,5.4,0.914,1785831638.857884,production_system
A1474,86,6.4,0.9322,1786870785.857888,production_system
A1475,84,0,0.936,1787105751.857892,production_system
A1476,83,7.3,0.5179,1787403743.8578959,production_system
A1477,100,5.2,0.8209,1785641798.857901,production_system
A1478,100,4.5,0.9068,1787397272.857905,production_system
A1479,49,1.08,0.6708,1786064807.857908,production_system
A1480,100,6.37,0.7666,1787403114.857912,production_system
A1481,100,11.54,0.7311,1786077203.8579159,production_system
A1482,85,1.63,0.7397,1786487932.85792,production_system
A1483,54,3.19,0.9463,1786867228.8579252,production_system
A1484,74,7.31,0.8097,1786832963.85793,production_system
A1485,100,0,0.7274,1787861152.857933,production_system
A1486,99,1.64,0.4994,1786367885.8579378,production_system
A1487,83,1.91,0.8048,1786337551.857942,production_system
A1488,86,1.61,0.8519,1786978331.8579462,production_system
A1489,100,8.07,0.8166,1786496101.857951,production_system
A1490,53,5.81,0.5311,1787217778.857955,production_system
A1491,9,2.72,0.6796,1786035153.8579588,production_system
A1492,100,4.19,0.7979,1786681586.857963,production_system
A1493,100,6.51,0.8776,1786105806.8579671,production_system
A1494,88,1.19,0.8767,1786059427.857972,production_system
A1495,8,5.39,0.8852,1786019590.857976,production_system
A1496,70,0,0.9204,1786739848.85798,production_system
A1497,75,1.37,0.7378,1786956125.857984,production_system
A1498,100,2.8,0.8623,1786488906.857988,production_system
A1499,100,0,0.9051,1787024821.858082,production_system
A1500,41,2.09,0.971,1786442223.8580868,production_system
A1501,69,8.27,0.8063,1787769400.858092,production_system
A1502,33,3.15,0.7926,1786585348.8580961,production_system
A1503,93,1.82,0.974,1786361781.8581,production_system
A1504,100,2.57,0.9075,1785740634.858104,production_system
A1505,37,0,0.7896,1786596870.8581078,production_system
A1506,56,2.63,0.7668,1786257128.858112,production_system
A1507,61,2.46,0.7633,1787368303.8581161,production_system
A1508,52,3.68,0.738,1787858693.858121,production_system
A1509,97,0,0.8747,1786551164.858125,production_system
A1510,100,6.11,0.7142,1785826431.8581288,production_system
A1511,77,0,0.9198,1785883955.858133,production_system
A1512,100,0,0.8084,1786565531.8581371,production_system
A1513,76,11.06,0.5517,1785861487.858141,production_system
A1514,100,8.18,0.8932,1786551458.858145,production_system
A1515,100,0.16,0.7255,1786630838.858149,production_system
A1516,82,5.7,0.5991,1787719452.858154,production_system
A1517,77,0,0.8323,1787231734.8581572,production_system
A1518,59,0,0.8504,1787793254.858162,production_system
A1519,62,9.47,0.7276,1785364097.858166,production_system
A1520,84,5.04,0.7496,1785448415.85817,production_system
A1521,66,3.97,0.9318,1786104938.858175,production_system
A1522,100,1.2,0.7688,1786262323.858179,production_system
A1523,55,0,0.992,1787597464.858183,production_system
A1524,55,13.57,0.9565,1786246671.858187,production_system
A1525,81,6.28,0.6753,1787453170.858191,production_system
A1526,59,13.53,0.7344,1786870421.8581948,production_system
A1527,100,0,0.9488,1785877076.8581991,production_system
A1528,70,6.15,0.9417,1786501235.858203,production_system
A1529,53,6.33,0.5561,1787044103.858208,production_system
A1530,66,6.78,0.6208,1787542890.858211,production_system
A1531,30,11.06,0.8523,1786012808.8582149,production_system
A1532,58,2.53,0.7614,1785559426.858219,production_system
A1533,78,0,0.8619,1786163982.8582242,production_system
A1534,100,0,0.8776,1786740686.858227,production_system
A1535,37,0.98,0.9417,1787843785.858232,production_system
A1536,100,0,0.6004,1786707101.8582358,production_system
A1537,100,9.85,0.9195,1787903486.858239,production_system
A1538,100,3.22,0.4156,1787754177.858243,production_system
A1539,68,6.92,0.9134,1785999550.858248,production_system
A1540,77,0,0.7736,1785569502.858252,production_system
A1541,77,0.98,0.8622,1787296562.8582568,production_system
A1542,65,0,0.912,1785719645.858262,production_system
A1543,100,0,0.7521,1786911587.858266,production_system
A1544,100,0.63,0.8071,1786580568.858271,production_system
A1545,77,0.13,0.6434,1786883650.8582752,production_system
A1546,54,7.27,0.9866,1785870871.858279,production_system
A1547,50,0.82,0.6916,1786270406.858283,production_system
A1548,36,3.43,0.8978,1786031745.858287,production_system
A1549,72,8.93,0.9571,1786580734.858291,production_system
A1550,55,10.47,0.7835,1786770935.858295,production_system
A1551,91,5.87,0.6071,1785597495.8582988,production_system
A1552,100,0,0.8136,1787354822.858304,production_system
A1553,96,11.75,0.9246,1785719983.858308,production_system
A1554,64,14.77,0.7954,1787845848.858312,production_system
A1555,64,3.73,0.8736,1787151073.858316,production_system
A1556,51,3.83,0.8194,1787423195.8583198,production_system
A1557,100,1.97,0.9161,1785931167.858324,production_system
A1558,69,1.08,0.9164,1785962523.858328,production_system
A1559,56,4.34,0.8705,1787170609.8583329,production_system
A1560,68,9.5,0.7418,1786480744.858337,production_system
A1561,93,0.26,0.9434,1786993524.858342,production_system
A1562,18,0,0.8648,1786173072.858345,production_system
A1563,97,2.8,0.8887,1786032494.858351,production_system
A1564,69,0.94,0.831,1787553644.858356,production_system
A1565,100,4.31,0.9831,1785735136.85836,production_system
A1566,51,10.71,0.8867,1785933578.858367,production_system
A1567,96,0.99,0.5194,1786276984.858371,production_system
A1568,97,4.67,0.6594,1785440290.8583748,production_system
A1569,74,1.2,0.7302,1785478779.858378,production_system
A1570,92,9.39,0.876,1786862373.8583832,production_system
A1571,78,3.2,0.8108,1787773771.858387,production_system
A1572,100,0,0.8437,1787842812.858391,production_system
A1573,54,1.8,0.4311,1786241895.8583949,production_system
A1574,100,0,0.8075,1786529671.858399,production_system
A1575,100,10.33,0.9434,1786824102.858403,production_system
A1576,79,0,0.6564,1785616971.858408,production_system
A1577,100,0,0.499,1785678266.858412,production_system
A1578,100,0,0.7302,1787835999.858416,production_system
A1579,100,0,0.8186,1787323799.858421,production_system
A1580,16,0.61,0.5332,1786351107.858426,production_system
A1581,100,4.52,0.6822,1785375540.85843,production_system
A1582,43,4.96,0.7903,1787280019.858434,production_system
A1583,45,5.72,0.9162,1785419080.8584378,production_system
A1584,70,3.1,0.7676,1785655068.858443,production_system
A1585,96,6.25,0.9219,1786620398.858447,production_system
A1586,70,0,0.782,1787076039.858451,production_system
A1587,100,7.05,0.525,1786788927.8584561,production_system
A1588,100,5.51,0.8175,1787170495.85846,production_system
A1589,100,6.82,0.7895,1786308299.858464,production_system
A1590,87,0,0.8467,1786471058.858468,production_system
A1591,76,19.37,0.7094,1787644776.8584719,production_system
A1592,100,0,0.6016,1786765598.858477,production_system
A1593,63,6.46,0.3663,1786374125.8584828,production_system
A1594,60,0,0.8727,1786393074.8584871,production_system
A1595,44,0,0.8207,1786281110.858491,production_system
A1596,69,0,0.8029,1785541738.858494,production_system
A1597,69,0,0.7869,1787539638.858498,production_system
A1598,50,2.94,0.8897,1787298351.8585029,production_system
A1599,45,2.66,0.7356,1785477359.858507,production_system
A1600,99,0,0.4635,1786580049.8585112,production_system
A1601,70,4.13,0.7148,1786516704.858516,production_system
A1602,67,0,0.6777,1786524602.85852,production_system
A1603,100,3.88,0.6437,1787393280.8585238,production_system
A1604,100,0.55,0.5566,1785359472.858528,production_system
A1605,60,8.07,0.7295,1786090708.8585322,production_system
A1606,76,3.49,0.8598,1785427256.858537,production_system
A1607,61,0,0.9841,1786611298.858542,production_system
A1608,100,5.52,0.9215,1785996637.858546,production_system
A1609,37,0,0.5584,1785430998.858551,production_system
A1610,56,2.28,0.8211,1787692503.8585548,production_system
A1611,43,0.75,0.6834,1786508891.858559,production_system
A1612,71,0.24,0.833,1787409923.8585632,production_system
A1613,68,7.68,0.8931,1787350221.858568,production_system
A1614,91,0,0.7669,1787129106.858572,production_system
A1615,47,4.99,0.897,1787487642.8585758,production_system
A1616,46,2.46,0.8872,1786745750.858581,production_system
A1617,100,0,0.7557,1786255887.8585851,production_system
A1618,42,6.27,0.8123,1787310177.858589,production_system
A1619,85,5.65,0.7008,1785811232.858593,production_system
A1620,88,0,0.9009,1786052812.858598,production_system
A1621,46,6.21,0.8086,1785565630.858602,production_system
A1622,94,3.68,0.8765,1787819494.858606,production_system
A1623,82,6.14,0.8156,1786669066.85861,production_system
A1624,90,1.24,0.8384,1787674125.858615,production_system
A1625,89,7.41,0.7389,1786798863.858619,production_system
A1626,100,0,0.7881,1786363159.858623,production_system
A1627,47,11.29,0.84,1786034495.8586292,production_system
A1628,84,10.66,0.8554,1785749527.858633,production_system
A1629,24,3.4,0.7732,1787922656.858638,production_system
A1630,87,0,0.6473,1786363445.8586419,production_system
A1631,76,1.98,0.5031,1787803334.858647,production_system
A1632,100,6.48,0.7496,1787027658.858651,production_system
A1633,36,1.71,0.7138,1786719792.858655,production_system
A1634,100,0,0.7873,1786980183.858659,production_system
A1635,57,0,0.9375,1786106019.8586628,production_system
A1636,100,3.48,0.755,1786961837.858668,production_system
A1637,62,8.89,0.5805,1787333917.8586721,production_system
A1638,100,3.14,0.9789,1786304122.858677,production_system
A1639,48,3.46,0.659,1786400473.8586812,production_system
A1640,85,7.18,0.7747,1785981852.858685,production_system
A1641,100,4.39,0.8678,1786530871.858689,production_system
A1642,74,0,0.8019,1786720680.8586931,production_system
A1643,58,3.03,0.9014,1786017752.858698,production_system
A1644,62,1.35,0.8553,1787076574.8587022,production_system
A1645,51,6.35,0.5289,1787535529.858707,production_system
A1646,100,0,0.8332,1787588436.858712,production_system
A1647,58,0,0.7827,1785373885.858716,production_system
A1648,70,7.15,0.7289,1787664606.85872,production_system
A1649,85,0,0.6433,1787790931.858724,production_system
A1650,87,14.21,0.8843,1785749188.858728,production_system
A1651,100,1.1,0.4725,1786818304.858732,production_system
A1652,29,1.4,0.9032,1785514594.858737,production_system
A1653,39,4.7,0.7227,1786881383.858741,production_system
A1654,73,0.37,0.9681,1786041570.858745,production_system
A1655,17,0.27,0.9763,1786111019.8587499,production_system
A1656,78,2.85,0.8207,1786470044.858755,production_system
A1657,48,0,0.7663,1787314180.858759,production_system
A1658,56,0,0.4842,1786509213.858764,production_system
A1659,27,0,0.7211,1785854326.858768,production_system
A1660,90,6.84,0.8364,1787639788.858773,production_system
A1661,49,1.98,0.8135,1785417038.858777,production_system
A1662,100,2.68,0.8591,1787235767.858782,production_system
A1663,100,4.55,0.949,1787257798.858786,production_system
A1664,90,1.0,0.8609,1786576856.85879,production_system
A1665,75,0,0.7477,1787063309.858794,production_system
A1666,71,4.42,0.849,1786630038.858798,production_system
A1667,98,7.65,0.7443,1786514522.858803,production_system
A1668,44,0,0.8978,1785683298.858807,production_system
A1669,61,0,0.7604,1786987877.858811,production_system
A1670,81,3.21,0.8909,1785860116.858817,production_system
A1671,46,0,0.7505,1787216224.8588219,production_system
A1672,100,12.45,0.5379,1787474845.858826,production_system
A1673,65,5.83,0.9243,1785749766.8588312,production_system
A1674,92,1.69,0.6797,1785855197.858835,production_system
A1675,52,10.7,0.916,1787448076.85884,production_system
A1676,100,1.32,0.8503,1787847811.8588438,production_system
A1677,100,2.44,0.5657,1785601162.858849,production_system
A1678,76,1.94,0.9344,1785534934.8588538,production_system
A1679,55,3.66,0.705,1785345766.8588579,production_system
A1680,70,7.82,0.8765,1786878097.858863,production_system
A1681,32,4.43,0.5024,1786215166.858867,production_system
A1682,92,0,0.8715,1786019030.858871,production_system
A1683,74,8.74,0.8525,1786797806.858876,production_system
A1684,100,7.16,0.8637,1786224654.85888,production_system
A1685,76,0,0.9908,1785602047.858884,production_system
A1686,63,3.75,0.689,1787725843.8588889,production_system
A1687,54,1.18,0.8138,1787868892.858894,production_system
A1688,100,13.13,0.8159,1785868237.858898,production_system
A1689,62,0,0.8966,1787728356.858902,production_system
A1690,94,5.96,0.9538,1786357348.858907,production_system
A1691,80,2.08,0.513,1786017705.858911,production_system
A1692,100,6.14,0.6148,1785490178.858915,production_system
A1693,76,2.35,0.9653,1786908654.8589199,production_system
A1694,72,11.01,0.6998,1785992005.8589242,production_system
A1695,87,4.43,0.6171,1786468354.858929,production_system
A1696,68,0,0.4717,1786622068.858933,production_system
A1697,66,2.07,0.7887,1786576099.858937,production_system
A1698,90,3.87,0.8129,1785744900.858942,production_system
A1699,75,0,0.8142,1785780308.858946,production_system
A1700,70,10.63,0.574,1786398577.85895,production_system
A1701,79,2.71,0.6726,1786703531.858955,production_system
A1702,94,0.48,0.862,1785989942.8589592,production_system
A1703,75,9.32,0.7322,1787420391.858964,production_system
A1704,100,1.84,0.8636,1786299343.858968,production_system
A1705,90,0,0.7318,1786742646.8589718,production_system
A1706,87,0,0.7188,1785461358.858977,production_system
A1707,98,2.76,0.8795,1787759816.8589811,production_system
A1708,100,5.03,0.8223,1787817980.858986,production_system
A1709,97,8.52,0.8435,1786909715.8589911,production_system
A1710,75,13.58,0.9273,1786038486.858995,production_system
A1711,81,8.47,0.8055,1785515815.858999,production_system
A1712,69,2.82,0.5591,1787126663.859005,production_system
A1713,78,5.51,0.7071,1786067719.85901,production_system
A1714,85,0,0.5785,1787345652.8590138,production_system
A1715,34,15.41,0.895,1787520254.859018,production_system
A1716,100,2.62,0.9681,1787011945.859023,production_system
A1717,77,3.29,0.681,1786584337.859027,production_system
A1718,86,6.93,0.6381,1787383376.8590322,production_system
A1719,94,0,0.8614,1787639875.859036,production_system
A1720,85,8.53,0.9087,1787449194.85904,production_system
A1721,99,4.42,0.8016,1786717162.859045,production_system
A1722,88,0,0.9266,1787251473.8590488,production_system
A1723,95,0,0.5095,1785656303.859054,production_system
A1724,43,3.35,0.9068,1786949911.859058,production_system
A1725,52,6.63,0.7833,1785757417.859062,production_system
A1726,74,6.64,0.4286,1785668660.859068,production_system
A1727,74,3.79,0.6143,1787551483.859073,production_system
A1728,94,4.25,0.7825,1785825254.8590772,production_system
A1729,73,0,0.8551,1786413709.859081,production_system
A1730,84,0,0.7686,1787354468.859086,production_system
A1731,96,0,0.8,1787186196.8590899,production_system
A1732,100,4.35,0.8195,1785741385.859095,production_system
A1733,95,0,0.7819,1785924785.859099,production_system
A1734,30,1.56,0.5848,1785732340.859103,production_system
A1735,82,0,0.6929,1785446841.859107,production_system
A1736,69,0,0.8909,1786063844.859112,production_system
A1737,92,9.52,0.7516,1785830285.859116,production_system
A1738,58,4.46,0.8821,1786575903.8591201,production_system
A1739,76,1.04,0.7462,1787320873.859124,production_system
A1740,13,0,0.8824,1785716075.859128,production_system
A1741,37,8.28,0.6054,1785688035.859133,production_system
A1742,100,0,0.6396,1787553887.859137,production_system
A1743,71,0,0.5735,1787798804.859141,production_system
A1744,100,0,0.9037,1785506105.859145,production_system
A1745,87,6.02,0.8759,1785354344.8591502,production_system
A1746,52,3.31,0.7314,1785501428.859154,production_system
A1747,98,0,0.8118,1786485232.859158,production_system
A1748,54,0,0.7226,1787480361.8591628,production_system
A1749,54,8.26,0.9466,1785776669.8591669,production_system
A1750,100,7.14,0.8962,1787715147.8591712,production_system
A1751,98,7.63,0.8737,1786129930.859176,production_system
A1752,70,3.37,0.635,1786532623.85918,production_system
A1753,80,6.24,0.7766,1785488753.859184,production_system
A1754,72,3.28,0.7444,1785921983.859189,production_system
A1755,66,0.21,0.8996,1787911374.859193,production_system
A1756,79,2.23,0.8533,1786896549.859197,production_system
A1757,79,0,0.3731,1786051348.859201,production_system
A1758,100,7.13,0.8324,1786963868.859206,production_system
A1759,100,7.01,0.7228,1787815053.85921,production_system
A1760,100,2.97,0.728,1785950848.859214,production_system
A1761,67,0.8,0.9566,1785490721.8592188,production_system
A1762,28,0,0.8398,1785455603.8592231,production_system
A1763,52,0.67,0.9186,1787722799.859227,production_system
A1764,74,0,0.6619,1786139905.859231,production_system
A1765,60,2.97,0.5451,1787313847.859236,production_system
A1766,84,10.23,0.8233,1785795682.859242,production_system
A1767,79,3.77,0.8249,1787263165.859246,production_system
A1768,81,12.34,0.5487,1786137161.8592498,production_system
A1769,100,12.74,0.7239,1786693255.8592541,production_system
A1770,39,13.57,0.829,1786437382.8592582,production_system
A1771,64,1.2,0.7101,1787651996.859263,production_system
A1772,74,0,0.9055,1787252291.8592682,production_system
A1773,100,8.25,0.6203,1785772588.859273,production_system
A1774,75,0.03,0.7489,1785343102.859277,production_system
A1775,88,7.39,0.8334,1786420487.859282,production_system
A1776,57,9.09,0.7481,1787498491.859286,production_system
A1777,72,2.74,0.8721,1786118862.8592908,production_system
A1778,46,7.58,0.8804,1786835455.859295,production_system
A1779,89,0.7,0.7687,1786621334.8593001,production_system
A1780,100,3.78,0.9818,1785921256.859304,production_system
A1781,57,9.74,0.8899,1787303841.859308,production_system
A1782,70,0.88,0.8805,1787381435.859312,production_system
A1783,65,4.16,0.8675,1787338190.859317,production_system
A1784,77,17.51,0.646,1787216895.859321,production_system
A1785,55,4.0,0.8552,1786583609.859325,production_system
A1786,66,0.86,0.8706,1786834905.85933,production_system
A1787,100,0,0.7033,1787322643.859334,production_system
A1788,98,2.57,0.7845,1787489805.859338,production_system
A1789,64,6.11,0.9144,1787306435.859342,production_system
A1790,82,0.62,0.6442,1787807364.8593469,production_system
A1791,77,0,0.5744,1787114520.859352,production_system
A1792,29,0,0.8614,1786553133.8593569,production_system
A1793,42,1.98,0.7104,1785967009.859361,production_system
A1794,75,11.19,0.511,1785581009.8593652,production_system
A1795,69,6.57,0.8582,1786033027.859371,production_system
A1796,100,10.89,0.6688,1785873571.859375,production_system
A1797,79,4.31,0.6247,1786395390.859381,production_system
A1798,95,0.48,0.8125,1786230655.8593862,production_system
A1799,66,2.3,0.8994,1786924170.85939,production_system
A1800,61,9.08,0.7962,1787727051.859395,production_system
A1801,96,6.08,0.8618,1785548544.8594,production_system
A1802,9,0,0.9351,1785677660.859404,production_system
A1803,100,3.81,0.5309,1785745266.859408,production_system
A1804,93,5.95,0.8514,1786247921.859413,production_system
A1805,91,13.05,0.9384,1787486578.8594172,production_system
A1806,76,0,0.6258,1786236154.859423,production_system
A1807,65,7.45,0.7251,1786079015.8594282,production_system
A1808,79,3.05,0.5978,1786149882.859433,production_system
A1809,54,0,0.8935,1787796464.8594382,production_system
A1810,61,5.25,0.7427,1787406783.859442,production_system
A1811,95,5.25,0.751,1787506734.859447,production_system
A1812,78,10.27,0.8878,1785798630.8594508,production_system
A1813,100,0,0.957,1786632255.859456,production_system
A1814,40,0,0.913,1787173470.859461,production_system
A1815,95,8.06,0.8607,1786534923.859465,production_system
A1816,87,0,0.7666,1787216550.859469,production_system
A1817,89,8.08,0.9538,1786893551.859474,production_system
A1818,53,8.33,0.7569,1787317082.859478,production_system
A1819,46,9.54,0.9155,1787638003.8594828,production_system
A1820,100,5.12,0.7844,1787651838.859488,production_system
A1821,84,1.07,0.859,1786310847.859492,production_system
A1822,84,2.25,0.5408,1786501197.8594959,production_system
A1823,81,6.19,0.6496,1785693433.8595011,production_system
A1824,88,2.25,0.7414,1786992604.859506,production_system
A1825,66,0,0.7576,1786533975.85951,production_system
A1826,92,4.37,0.7825,1787607877.859514,production_system
A1827,55,0,0.8094,1786931012.859519,production_system
A1828,65,4.26,0.8763,1787022510.859523,production_system
A1829,100,0,0.9016,1786372941.8595269,production_system
A1830,51,7.96,0.8125,1787826177.859531,production_system
A1831,100,3.33,0.908,1785690774.859536,production_system
A1832,100,3.2,0.7683,1786281040.85954,production_system
A1833,100,14.62,0.7978,1786372863.859545,production_system
A1834,53,2.56,0.6308,1786443810.859549,production_system
A1835,100,5.39,0.6389,1786337369.859553,production_system
A1836,100,6.33,0.4487,1786825668.8595572,production_system
A1837,9,12.17,0.6133,1787172294.859562,production_system
A1838,59,7.9,0.6101,1786768453.859566,production_system
A1839,60,0,0.6903,1786970860.85957,production_system
A1840,100,0,0.765,1786562853.859576,production_system
A1841,100,3.2,0.6012,1787514909.8595798,production_system
A1842,100,6.03,0.6985,1787372131.859585,production_system
A1843,80,0,0.6716,1787077249.859589,production_system
A1844,96,0,0.8518,1785567194.859593,production_system
A1845,57,0,0.8482,1786851107.859597,production_system
A1846,27,7.84,0.9218,1786578381.859603,production_system
A1847,51,2.85,0.8324,1785355800.859607,production_system
A1848,100,0,0.7535,1786772018.8596108,production_system
A1849,91,0,0.7714,1787506737.859616,production_system
A1850,93,8.86,0.8464,1787423296.85962,production_system
A1851,100,0,0.6209,1787123319.859624,production_system
A1852,81,10.64,0.8072,1787646358.8596292,production_system
A1853,98,4.68,0.7663,1785655490.859633,production_system
A1854,93,4.06,0.4263,1787257935.859638,production_system
A1855,100,5.01,0.9212,1785537233.859642,production_system
A1856,51,9.28,0.8624,1786610359.8596458,production_system
A1857,82,4.95,0.5961,1787743822.8596501,production_system
A1858,98,0,0.6854,1785658318.859655,production_system
A1859,75,0,0.5842,1787282472.859659,production_system
A1860,100,0.32,0.6848,1787521260.859664,production_system
A1861,85,0,0.7844,1785430254.859668,production_system
A1862,50,1.0,0.8648,1787835130.859672,production_system
A1863,34,8.36,0.8864,1786639813.8596768,production_system
A1864,45,1.52,0.9028,1786262523.8596811,production_system
A1865,100,17.34,0.8206,1787833851.8596852,production_system
A1866,100,4.9,0.894,1786232941.859689,production_system
A1867,100,0,0.774,1787273708.859694,production_system
A1868,100,10.0,0.8451,1787893373.8596978,production_system
A1869,84,4.33,0.8497,1786236593.859702,production_system
A1870,58,0,0.8082,1787561869.8597069,production_system
A1871,91,3.8,0.6412,1787677882.859712,production_system
A1872,74,4.79,0.7986,1785334498.8597162,production_system
A1873,90,9.88,0.8864,1787050720.85972,production_system
A1874,100,2.57,0.9259,1787267619.859725,production_system
A1875,67,0,0.9788,1785878930.8597288,production_system
A1876,70,4.92,0.7447,1785673963.859733,production_system
A1877,0,6.18,0.8728,1786560374.8597372,production_system
A1878,76,4.53,0.7542,1787664813.859742,production_system
A1879,84,1.8,0.6776,1787456710.859746,production_system
A1880,20,0,0.9492,1787901579.8597498,production_system
A1881,48,6.34,0.7661,1786548739.859755,production_system
A1882,85,0,0.565,1787086830.85976,production_system
A1883,79,0,0.71,1787794168.859765,production_system
A1884,67,0,0.8851,1785943193.85977,production_system
A1885,47,8.21,0.8195,1786384943.8597739,production_system
A1886,92,9.27,0.6723,1787661588.8597791,production_system
A1887,100,3.85,0.9143,1787236020.859784,production_system
A1888,41,8.75,0.7483,1787016920.859788,production_system
A1889,47,7.24,0.7273,1785728000.859793,production_system
A1890,65,0,0.8417,1787437699.859797,production_system
A1891,85,1.77,0.7551,1786064767.859802,production_system
A1892,39,0,0.6916,1785718358.859806,production_system
A1893,76,0.57,0.7287,1785498553.85981,production_system
A1894,77,9.29,0.6478,1787344173.859815,production_system
A1895,87,0,0.8935,1787598629.859819,production_system
A1896,100,11.05,0.8323,1786053854.8598242,production_system
A1897,75,4.6,0.7177,1787117401.859828,production_system
A1898,57,0,0.6528,1785822006.859832,production_system
A1899,90,8.19,0.6578,1785534124.8598368,production_system
A1900,67,0,0.6981,1786928203.859841,production_system
A1901,98,6.62,0.9632,1786335227.8598452,production_system
A1902,89,9.67,0.8091,1786221592.859849,production_system
A1903,24,3.22,0.8235,1785456622.859854,production_system
A1904,68,0,0.8593,1786819478.859858,production_system
A1905,77,4.43,0.73,1787091314.859863,production_system
A1906,100,3.68,0.8648,1785387423.8598669,production_system
A1907,71,0.92,0.9181,1786431567.859871,production_system
A1908,90,0.5,0.9647,1787532398.859875,production_system
A1909,79,4.28,0.5357,1786706833.859879,production_system
A1910,100,4.83,0.719,1787774135.859884,production_system
A1911,43,0,0.7595,1787126708.859888,production_system
A1912,95,0,0.7896,1786237524.859892,production_system
A1913,22,8.83,0.8855,1786503757.8598971,production_system
A1914,100,13.58,0.8326,1786607769.859901,production_system
A1915,100,0,0.643,1787216265.859906,production_system
A1916,100,2.08,0.6969,1787822422.8599098,production_system
A1917,100,7.78,0.8496,1787122483.859915,production_system
A1918,94,5.04,0.6954,1787889351.859919,production_system
A1919,98,0,0.7536,1787425569.859924,production_system
A1920,100,0,0.7768,1786680420.8599281,production_system
A1921,100,0,0.5867,1786534985.859933,production_system
A1922,78,0,0.6102,1786098082.8599381,production_system
A1923,98,7.37,0.9582,1785855488.859942,production_system
A1924,46,1.11,0.7626,1786477730.859947,production_system
A1925,32,5.77,0.8904,1787109382.859951,production_system
A1926,85,5.04,0.4723,1787029198.859957,production_system
A1927,100,0.3,0.7922,1787233522.8599622,production_system
A1928,100,0,0.9266,1786214252.859966,production_system
A1929,98,2.87,0.9052,1787064555.859971,production_system
A1930,28,0,0.4173,1787431417.859976,production_system
A1931,69,0.54,0.9029,1785468015.859981,production_system
A1932,96,0,0.5799,1787900377.8599858,production_system
A1933,84,2.86,0.9349,1787503134.859992,production_system
A1934,58,0,0.7127,1785735030.8599958,production_system
A1935,61,0,0.962,1786182416.860002,production_system
A1936,58,4.3,0.7595,1787756049.8600059,production_system
A1937,42,0,0.8348,1785612056.860012,production_system
A1938,82,0,0.8219,1786681649.8600168,production_system
A1939,61,11.78,0.9081,1787025971.860022,production_system
A1940,86,3.94,0.7277,1786247484.8600261,production_system
A1941,71,0,0.8325,1786582588.860031,production_system
A1942,58,0.22,0.9463,1787265212.8600361,production_system
A1943,53,2.28,0.6463,1787404141.86004,production_system
A1944,52,0,0.8172,1787176503.860045,production_system
A1945,88,0,0.6422,1787336345.86005,production_system
A1946,100,2.39,0.6069,1785470173.860055,production_system
A1947,78,0,0.8975,1786210026.86006,production_system
A1948,100,7.58,0.8407,1787210903.860065,production_system
A1949,65,0,0.7278,1787501572.86007,production_system
A1950,100,4.6,0.7834,1787132985.860076,production_system
A1951,72,3.01,0.8375,1786118853.8600802,production_system
A1952,30,6.01,0.8893,1785877890.860085,production_system
A1953,50,0,0.8853,1786432413.86009,production_system
A1954,100,0,0.705,1787795729.860096,production_system
A1955,83,0,0.7593,1786749717.8601012,production_system
A1956,28,1.64,0.6742,1786492090.860106,production_system
A1957,52,0,0.7908,1787653751.860111,production_system
A1958,52,4.68,0.833,1786772026.860116,production_system
A1959,53,2.23,0.8932,1787661750.860121,production_system
A1960,67,14.23,0.6146,1786837944.860126,production_system
A1961,94,7.08,0.737,1785673975.86013,production_system
A1962,38,4.33,0.4851,1786793587.8601348,production_system
A1963,65,0,0.837,1786612868.86014,production_system
A1964,67,0,0.736,1787169007.8601449,production_system
A1965,69,2.09,0.9411,1786498606.860149,production_system
A1966,100,8.54,0.701,1786697363.8601549,production_system
A1967,100,4.22,0.7685,1787899857.860162,production_system
A1968,100,5.03,0.9674,1786755689.8601658,production_system
A1969,88,0.08,0.8076,1786865153.860171,production_system
A1970,49,1.83,0.9331,1786071848.8601758,production_system
A1971,53,3.34,0.7327,1787369311.860181,production_system
A1972,64,7.85,0.8191,1785454258.860186,production_system
A1973,76,11.07,0.7735,1786476467.8601909,production_system
A1974,100,6.85,0.7992,1785498411.860196,production_system
A1975,49,7.57,0.7355,1786136192.860201,production_system
A1976,67,0.15,0.8165,1786548424.860207,production_system
A1977,58,8.12,0.976,1787840471.860211,production_system
A1978,77,6.44,0.7568,1786259727.8602161,production_system
A1979,100,1.15,0.8552,1786939088.860221,production_system
A1980,53,1.54,0.8881,1787447790.8602262,production_system
A1981,63,0,0.7211,1787697391.860231,production_system
A1982,55,0,0.7528,1787511327.860235,production_system
A1983,100,7.43,0.9297,1787787565.86024,production_system
A1984,99,2.66,0.9206,1785580797.860245,production_system
A1985,47,10.4,0.8756,1787197388.86025,production_system
A1986,87,0,0.3025,1786670578.860255,production_system
A1987,88,1.76,0.7192,1787914730.86026,production_system
A1988,100,7.1,0.8325,1786927240.8602638,production_system
A1989,100,0.55,0.7949,1785473800.860269,production_system
A1990,81,0,0.7914,1786333250.8602738,production_system
A1991,81,6.83,0.8499,1785369993.860279,production_system
A1992,88,0,0.9024,1787901870.8602839,production_system
A1993,28,0,0.9062,1785751237.860288,production_system
A1994,49,9.87,0.7593,1787695506.8602931,production_system
A1995,99,2.0,0.6528,1787575106.860298,production_system
A1996,100,13.03,0.7244,1786605820.8603032,production_system
A1997,100,7.54,0.9201,1787758061.860308,production_system
A1998,100,0,0.6483,1786979372.8603132,production_system
A1999,96,9.21,0.8531,1787606884.860317,production_system
