asset_id,received,condition,inventory_age_days,location_verified,ts,source
A1000,False,NORMAL,0.4,True,1787291497.85589,warehouse_iot
A1001,True,NORMAL,20.1,True,1787676621.8558989,warehouse_iot
A1002,True,NORMAL,0,True,1786583016.855905,warehouse_iot
A1003,False,NORMAL,9.7,True,1786435633.8559098,warehouse_iot
A1004,True,NORMAL,21.7,True,1787482473.855915,warehouse_iot
A1005,False,DETERIORATED,13.7,True,1785438201.85592,warehouse_iot
A1006,False,NORMAL,22.7,True,1786635724.855925,warehouse_iot
A1007,False,NORMAL,14.6,True,1786941952.8559291,warehouse_iot
A1008,True,NORMAL,27.3,True,1786106131.855934,warehouse_iot
A1009,False,NORMAL,15.3,True,1787055253.855938,warehouse_iot
A1010,True,NORMAL,21.9,True,1785529394.855943,warehouse_iot
A1011,False,NORMAL,16.8,True,1787373193.855947,warehouse_iot
A1012,False,NORMAL,4.5,True,1786761385.855951,warehouse_iot
A1013,False,NORMAL,37.9,True,1787405011.855956,warehouse_iot
A1014,False,NORMAL,9.1,True,1787183663.8559601,warehouse_iot
A1015,False,NORMAL,16.0,True,1787827391.855965,warehouse_iot
A1016,False,NORMAL,24.8,True,1787671265.855969,warehouse_iot
A1017,True,NORMAL,13.0,True,1786661413.855973,warehouse_iot
A1018,False,NORMAL,40.1,True,1787004545.855977,warehouse_iot
A1019,False,DETERIORATED,8.7,True,1786170764.855981,warehouse_iot
A1020,False,NORMAL,17.1,True,1787254000.855985,warehouse_iot
A1021,False,NORMAL,25.9,False,1786258761.85599,warehouse_iot
A1022,True,DETERIORATED,1.1,True,1785913374.8559942,warehouse_iot
A1023,False,NORMAL,21.7,True,1787173730.855998,warehouse_iot
A1024,False,NORMAL,19.3,True,1787805807.8560011,warehouse_iot
A1025,False,NORMAL,28.3,True,1786301067.8560052,warehouse_iot
A1026,False,NORMAL,30.4,True,1787207985.85601,warehouse_iot
A1027,False,NORMAL,34.5,True,1786877548.856014,warehouse_iot
A1028,False,NORMAL,32.3,False,1786658835.8560178,warehouse_iot
A1029,True,NORMAL,5.6,True,1786794233.8560221,warehouse_iot
A1030,False,NORMAL,0,True,1787306767.8560278,warehouse_iot
A1031,False,NORMAL,25.2,True,1787058053.856032,warehouse_iot
A1032,True,NORMAL,10.8,False,1786177994.8560379,warehouse_iot
A1033,False,NORMAL,26.0,True,1785414598.856042,warehouse_iot
A1034,False,NORMAL,35.6,True,1787293808.856046,warehouse_iot
A1035,True,DETERIORATED,32.7,True,1785635962.856051,warehouse_iot
A1036,False,NORMAL,0,True,1785969723.856055,warehouse_iot
A1037,False,NORMAL,8.8,True,1786066601.8560588,warehouse_iot
A1038,False,NORMAL,23.9,True,1785872798.856063,warehouse_iot
A1039,False,NORMAL,27.1,True,1786614983.8560672,warehouse_iot
A1040,False,NORMAL,1.7,True,1787325393.856071,warehouse_iot
A1041,False,DAMAGED,20.0,True,1786156276.856075,warehouse_iot
A1042,False,DAMAGED,12.4,True,1787127685.8560798,warehouse_iot
A1043,False,NORMAL,36.7,True,1786701644.856085,warehouse_iot
A1044,True,NORMAL,13.8,True,1785476934.856089,warehouse_iot
A1045,True,NORMAL,0,True,1786033237.856093,warehouse_iot
A1046,False,NORMAL,18.4,True,1785684701.856098,warehouse_iot
A1047,True,NORMAL,3.0,True,1786769382.856102,warehouse_iot
A1048,True,NORMAL,15.9,True,1785829904.856106,warehouse_iot
A1049,False,NORMAL,0,True,1786025736.85611,warehouse_iot
A1050,False,DAMAGED,6.2,True,1787320942.856114,warehouse_iot
A1051,False,NORMAL,12.6,True,1786464645.856118,warehouse_iot
A1052,False,NORMAL,35.9,True,1787800118.856122,warehouse_iot
A1053,True,NORMAL,0,True,1785584097.856126,warehouse_iot
A1054,False,NORMAL,0,True,1787039835.8561301,warehouse_iot
A1055,False,NORMAL,6.3,True,1786277719.856134,warehouse_iot
A1056,False,DETERIORATED,26.7,True,1786638171.856138,warehouse_iot
A1057,False,NORMAL,23.1,True,1786004396.856142,warehouse_iot
A1058,False,NORMAL,1.9,True,1787560826.856147,warehouse_iot
A1059,False,NORMAL,26.1,True,1786128665.856151,warehouse_iot
A1060,False,DETERIORATED,7.1,True,1786457902.8561559,warehouse_iot
A1061,False,NORMAL,35.6,True,1785917988.85616,warehouse_iot
A1062,False,NORMAL,30.5,True,1787752697.856164,warehouse_iot
A1063,False,DETERIORATED,28.7,True,1786366667.8561668,warehouse_iot
A1064,False,NORMAL,0,True,1787022662.856171,warehouse_iot
A1065,True,NORMAL,28.8,True,1786086786.8561761,warehouse_iot
A1066,True,NORMAL,41.8,True,1785774314.856179,warehouse_iot
A1067,False,DETERIORATED,3.8,True,1786897270.856183,warehouse_iot
A1068,False,NORMAL,0,True,1787798835.8561869,warehouse_iot
A1069,True,NORMAL,8.0,True,1786265344.856191,warehouse_iot
A1070,True,NORMAL,9.2,True,1786088470.856195,warehouse_iot
A1071,False,NORMAL,0,True,1786330149.856199,warehouse_iot
A1072,False,DETERIORATED,0,True,1786858622.856203,warehouse_iot
A1073,True,NORMAL,22.1,True,1786419748.8562071,warehouse_iot
A1074,True,NORMAL,11.9,True,1787383282.856212,warehouse_iot
A1075,True,NORMAL,21.4,True,1785838812.856216,warehouse_iot
A1076,False,NORMAL,32.4,True,1786654482.85622,warehouse_iot
A1077,False,NORMAL,53.7,True,1786053814.856225,warehouse_iot
A1078,False,NORMAL,24.5,True,1787019175.856229,warehouse_iot
A1079,False,NORMAL,30.9,True,1785633571.856233,warehouse_iot
A1080,True,NORMAL,12.0,True,1785754117.8562372,warehouse_iot
A1081,False,NORMAL,12.1,True,1787852990.856241,warehouse_iot
A1082,False,NORMAL,22.5,True,1787696330.856246,warehouse_iot
A1083,False,DAMAGED,0,True,1786712985.85625,warehouse_iot
A1084,True,NORMAL,24.3,True,1785611082.8562539,warehouse_iot
A1085,False,NORMAL,32.4,True,1786614082.856259,warehouse_iot
A1086,False,NORMAL,31.0,True,1786555888.8562639,warehouse_iot
A1087,False,NORMAL,12.1,True,1786134839.856268,warehouse_iot
A1088,False,NORMAL,12.2,True,1787457879.856273,warehouse_iot
A1089,True,NORMAL,18.7,True,1787622770.856277,warehouse_iot
A1090,False,NORMAL,26.6,True,1785602991.85628,warehouse_iot
A1091,True,NORMAL,25.4,True,1786361754.8562849,warehouse_iot
A1092,False,NORMAL,0,True,1786883416.856289,warehouse_iot
A1093,False,NORMAL,17.5,True,1787344585.8562932,warehouse_iot
A1094,False,NORMAL,39.9,True,1786491376.856298,warehouse_iot
A1095,False,DETERIORATED,0,True,1786906534.856301,warehouse_iot
A1096,True,DAMAGED,0,True,1786653494.8563058,warehouse_iot
A1097,False,NORMAL,11.5,True,1785992194.856309,warehouse_iot
A1098,False,NORMAL,10.8,True,1785658794.856313,warehouse_iot
A1099,False,NORMAL,29.3,True,1787331292.856318,warehouse_iot
A1100,False,DETERIORATED,23.3,True,1787202057.856322,warehouse_iot
A1101,False,NORMAL,0,True,1787536587.8563251,warehouse_iot
A1102,True,NORMAL,17.4,True,1787881082.85633,warehouse_iot
A1103,False,NORMAL,54.0,True,1787714337.856334,warehouse_iot
A1104,False,NORMAL,1.7,True,1786887871.856338,warehouse_iot
A1105,False,NORMAL,46.9,True,1785640190.856342,warehouse_iot
A1106,False,NORMAL,16.7,True,1785890543.8563461,warehouse_iot
A1107,False,NORMAL,15.7,True,1785923244.85635,warehouse_iot
A1108,True,NORMAL,49.2,False,1786032173.856354,warehouse_iot
A1109,False,NORMAL,0,True,1785641343.8563578,warehouse_iot
A1110,False,NORMAL,5.3,True,1785786825.8563619,warehouse_iot
A1111,False,NORMAL,0,True,1786583953.856367,warehouse_iot
A1112,False,NORMAL,14.2,True,1786148653.856371,warehouse_iot
A1113,False,NORMAL,9.2,True,1785432079.856375,warehouse_iot
A1114,False,NORMAL,24.7,True,1786188935.8563788,warehouse_iot
A1115,False,NORMAL,36.1,True,1785866309.856383,warehouse_iot
A1116,False,NORMAL,42.5,False,1785658004.856386,warehouse_iot
A1117,False,NORMAL,32.2,True,1787243379.856392,warehouse_iot
A1118,True,NORMAL,37.1,True,1787421749.856396,warehouse_iot
A1119,False,NORMAL,30.5,True,1786002281.856401,warehouse_iot
A1120,True,NORMAL,11.4,True,1787280526.856405,warehouse_iot
A1121,False,NORMAL,31.1,True,1787539039.856409,warehouse_iot
A1122,False,NORMAL,19.6,True,1786348708.856413,warehouse_iot
A1123,True,NORMAL,0,True,1786616833.856417,warehouse_iot
A1124,False,NORMAL,5.8,True,1785856647.8564212,warehouse_iot
A1125,False,NORMAL,6.2,True,1786148553.856426,warehouse_iot
A1126,False,NORMAL,21.3,True,1787682281.856431,warehouse_iot
A1127,False,NORMAL,28.1,True,1787473191.856435,warehouse_iot
A1128,False,NORMAL,28.6,True,1787754848.856439,warehouse_iot
A1129,False,NORMAL,3.3,True,1787427953.8564422,warehouse_iot
A1130,False,NORMAL,15.1,True,1785665121.856447,warehouse_iot
A1131,False,NORMAL,31.1,True,1787574574.856451,warehouse_iot
A1132,False,NORMAL,22.5,True,1786312994.8564548,warehouse_iot
A1133,True,NORMAL,11.1,True,1785412722.856459,warehouse_iot
A1134,False,NORMAL,48.7,True,1787433745.8564632,warehouse_iot
A1135,True,NORMAL,28.4,True,1787231359.856467,warehouse_iot
A1136,True,NORMAL,38.2,True,1787088570.856471,warehouse_iot
A1137,False,NORMAL,20.3,True,1785518929.8564749,warehouse_iot
A1138,False,NORMAL,63.2,True,1785461964.856479,warehouse_iot
A1139,False,NORMAL,8.3,True,1787406644.856483,warehouse_iot
A1140,False,DETERIORATED,0.4,True,1786135998.8564868,warehouse_iot
A1141,True,NORMAL,0,True,1786546935.856492,warehouse_iot
A1142,False,NORMAL,37.3,True,1786199434.856496,warehouse_iot
A1143,True,NORMAL,14.1,True,1786536489.8565,warehouse_iot
A1144,False,NORMAL,10.0,True,1786429730.856504,warehouse_iot
A1145,False,NORMAL,13.7,True,1786372174.856508,warehouse_iot
A1146,True,NORMAL,29.7,True,1785562619.856512,warehouse_iot
A1147,True,NORMAL,18.9,True,1787085446.8565161,warehouse_iot
A1148,False,NORMAL,10.0,True,1786761196.856521,warehouse_iot
A1149,True,DETERIORATED,35.0,False,1787861894.856525,warehouse_iot
A1150,False,NORMAL,35.4,True,1785914783.856529,warehouse_iot
A1151,False,NORMAL,22.7,True,1787441596.856533,warehouse_iot
A1152,False,NORMAL,9.0,True,1786814538.856537,warehouse_iot
A1153,False,NORMAL,7.2,True,1785516840.856541,warehouse_iot
A1154,False,DAMAGED,21.1,True,1787708626.856545,warehouse_iot
A1155,False,DETERIORATED,6.2,True,1786421511.856549,warehouse_iot
A1156,False,NORMAL,0,True,1785994783.856554,warehouse_iot
A1157,False,DETERIORATED,2.5,True,1786641348.856558,warehouse_iot
A1158,True,NORMAL,4.0,True,1786331811.856562,warehouse_iot
A1159,False,NORMAL,30.2,True,1787773000.856566,warehouse_iot
A1160,True,NORMAL,42.6,True,1786358685.856571,warehouse_iot
A1161,False,NORMAL,13.3,True,1786168474.856575,warehouse_iot
A1162,True,NORMAL,16.4,True,1787562652.856579,warehouse_iot
A1163,False,NORMAL,30.9,True,1787920588.8565829,warehouse_iot
A1164,False,NORMAL,33.4,True,1787412563.8565881,warehouse_iot
A1165,False,NORMAL,42.4,True,1787655906.856592,warehouse_iot
A1166,True,NORMAL,31.1,True,1787908714.856597,warehouse_iot
A1167,False,NORMAL,17.2,True,1786057217.856601,warehouse_iot
A1168,False,NORMAL,0,True,1786430189.8566048,warehouse_iot
A1169,False,NORMAL,39.2,True,1787020909.856611,warehouse_iot
A1170,True,NORMAL,0,True,1785541724.8566148,warehouse_iot
A1171,True,NORMAL,28.7,True,1785599667.8566191,warehouse_iot
A1172,False,NORMAL,25.0,True,1786171540.8566232,warehouse_iot
A1173,False,NORMAL,38.5,False,1785344609.856627,warehouse_iot
A1174,True,NORMAL,23.1,True,1785493290.856632,warehouse_iot
A1175,False,NORMAL,1.1,True,1787790034.8566358,warehouse_iot
A1176,False,NORMAL,4.7,True,1786540336.856642,warehouse_iot
A1177,False,DETERIORATED,26.7,True,1785764388.8566458,warehouse_iot
A1178,True,NORMAL,0,True,1787316263.856651,warehouse_iot
A1179,True,NORMAL,34.6,True,1785508538.8566551,warehouse_iot
A1180,True,NORMAL,11.6,True,1787317260.856658,warehouse_iot
A1181,False,NORMAL,20.7,True,1787271665.856663,warehouse_iot
A1182,False,NORMAL,42.8,True,1787661157.8566668,warehouse_iot
A1183,True,NORMAL,0,True,1786016230.856671,warehouse_iot
A1184,True,NORMAL,23.4,True,1785486365.8566751,warehouse_iot
A1185,False,DAMAGED,22.1,True,1785918796.85668,warehouse_iot
A1186,False,NORMAL,15.1,True,1785516200.856684,warehouse_iot
A1187,False,NORMAL,12.4,True,1787063189.856688,warehouse_iot
A1188,False,NORMAL,6.0,True,1785550085.856692,warehouse_iot
A1189,True,NORMAL,28.8,True,1785793485.8566961,warehouse_iot
A1190,False,NORMAL,26.6,True,1787534289.8567,warehouse_iot
A1191,False,NORMAL,9.8,True,1786172925.856704,warehouse_iot
A1192,False,NORMAL,26.7,True,1785592758.856708,warehouse_iot
A1193,True,NORMAL,10.9,True,1786062802.8567119,warehouse_iot
A1194,False,NORMAL,3.6,True,1787596646.856716,warehouse_iot
A1195,True,NORMAL,12.6,True,1785380863.85672,warehouse_iot
A1196,False,NORMAL,19.9,True,1786790599.856724,warehouse_iot
A1197,False,NORMAL,4.8,False,1785588256.856728,warehouse_iot
A1198,False,NORMAL,0,True,1786880289.856731,warehouse_iot
A1199,False,NORMAL,4.4,True,1786435469.856735,warehouse_iot
A1200,True,NORMAL,5.8,True,1785832023.85674,warehouse_iot
A1201,False,NORMAL,18.8,True,1786399577.856745,warehouse_iot
A1202,False,NORMAL,28.9,True,1786702722.85675,warehouse_iot
A1203,False,NORMAL,17.9,True,1785505656.8567538,warehouse_iot
A1204,True,NORMAL,38.1,True,1787288881.856758,warehouse_iot
A1205,False,NORMAL,0,True,1787607341.8567622,warehouse_iot
A1206,False,NORMAL,4.5,True,1787777706.856767,warehouse_iot
A1207,False,NORMAL,35.5,True,1786487027.856771,warehouse_iot
A1208,True,NORMAL,19.8,True,1786700150.8567748,warehouse_iot
A1209,True,NORMAL,2.6,True,1786229312.856779,warehouse_iot
A1210,True,NORMAL,21.0,True,1786561593.8567839,warehouse_iot
A1211,False,NORMAL,25.4,True,1786311057.856788,warehouse_iot
A1212,False,NORMAL,6.0,True,1786275816.856792,warehouse_iot
A1213,True,NORMAL,18.4,True,1785594065.8567958,warehouse_iot
A1214,False,NORMAL,26.6,True,1787668667.856801,warehouse_iot
A1215,False,NORMAL,20.1,True,1785353884.856805,warehouse_iot
A1216,False,NORMAL,0,True,1787881069.856809,warehouse_iot
A1217,True,DETERIORATED,0.8,True,1785552287.856813,warehouse_iot
A1218,False,NORMAL,0,True,1786635701.856817,warehouse_iot
A1219,False,NORMAL,49.5,True,1785642525.856822,warehouse_iot
A1220,False,NORMAL,44.8,True,1785446576.856826,warehouse_iot
A1221,False,NORMAL,2.9,True,1786593046.85683,warehouse_iot
A1222,True,NORMAL,32.9,True,1785831158.856834,warehouse_iot
A1223,False,NORMAL,24.8,True,1786411113.856838,warehouse_iot
A1224,False,NORMAL,0,True,1786714918.856842,warehouse_iot
A1225,False,DETERIORATED,2.2,True,1786889695.856846,warehouse_iot
A1226,False,NORMAL,5.5,True,1785587863.8568509,warehouse_iot
A1227,False,NORMAL,43.2,True,1786506001.8568552,warehouse_iot
A1228,False,NORMAL,17.8,True,1787356683.856859,warehouse_iot
A1229,False,NORMAL,13.0,True,1786685222.856863,warehouse_iot
A1230,False,NORMAL,15.6,True,1785861454.856867,warehouse_iot
A1231,True,NORMAL,23.2,True,1786146258.856871,warehouse_iot
A1232,True,NORMAL,6.3,True,1787150466.856875,warehouse_iot
A1233,False,NORMAL,44.9,True,1787835068.8568802,warehouse_iot
A1234,True,NORMAL,9.0,True,1786347663.856884,warehouse_iot
A1235,False,NORMAL,0.1,True,1787913553.856888,warehouse_iot
A1236,False,DETERIORATED,22.6,True,1787789137.8568919,warehouse_iot
A1237,False,NORMAL,0,True,1786386464.856896,warehouse_iot
A1238,True,NORMAL,9.7,True,1786137564.8569002,warehouse_iot
A1239,True,NORMAL,0.8,True,1785355168.856904,warehouse_iot
A1240,False,NORMAL,0,True,1787132996.856908,warehouse_iot
A1241,True,NORMAL,12.1,True,1785592975.856912,warehouse_iot
A1242,False,NORMAL,17.6,True,1787575500.856916,warehouse_iot
A1243,True,NORMAL,12.5,True,1787520260.85692,warehouse_iot
A1244,False,NORMAL,7.9,True,1786779204.8569238,warehouse_iot
A1245,True,NORMAL,13.5,True,1787744795.856928,warehouse_iot
A1246,False,NORMAL,28.1,True,1785982689.856933,warehouse_iot
A1247,False,NORMAL,22.0,True,1786237986.856938,warehouse_iot
A1248,False,NORMAL,14.5,True,1785652045.8569422,warehouse_iot
A1249,False,NORMAL,47.0,True,1786591507.8569448,warehouse_iot
A1250,False,NORMAL,16.2,True,1785551244.856949,warehouse_iot
A1251,True,NORMAL,0.2,True,1786616034.856954,warehouse_iot
A1252,True,NORMAL,41.6,True,1785397195.856958,warehouse_iot
A1253,True,NORMAL,31.2,True,1786379226.856962,warehouse_iot
A1254,False,NORMAL,36.7,True,1786035197.856967,warehouse_iot
A1255,True,NORMAL,19.5,True,1786765364.856971,warehouse_iot
A1256,False,NORMAL,13.5,True,1786519548.856975,warehouse_iot
A1257,False,NORMAL,18.7,True,1786357357.856979,warehouse_iot
A1258,False,NORMAL,31.7,True,1785473868.8569841,warehouse_iot
A1259,False,NORMAL,0,True,1787436336.856988,warehouse_iot
A1260,False,NORMAL,31.6,True,1786762129.856993,warehouse_iot
A1261,True,NORMAL,19.5,True,1787622910.856997,warehouse_iot
A1262,True,NORMAL,9.5,True,1785688492.857001,warehouse_iot
A1263,True,NORMAL,16.0,True,1787102007.8570051,warehouse_iot
A1264,False,NORMAL,21.6,True,1785707250.857009,warehouse_iot
A1265,False,NORMAL,0,True,1786943272.857013,warehouse_iot
A1266,False,NORMAL,45.2,True,1786590417.857017,warehouse_iot
A1267,False,NORMAL,0,True,1787281490.8570209,warehouse_iot
A1268,True,NORMAL,0,True,1785420611.857025,warehouse_iot
A1269,True,NORMAL,29.5,True,1787459746.8570292,warehouse_iot
A1270,False,DETERIORATED,25.8,True,1785475165.857033,warehouse_iot
A1271,False,DETERIORATED,32.3,True,1786300575.857037,warehouse_iot
A1272,False,NORMAL,34.7,True,1785529139.857041,warehouse_iot
A1273,True,NORMAL,37.0,True,1786164851.8570461,warehouse_iot
A1274,False,NORMAL,0,True,1786057016.8570502,warehouse_iot
A1275,True,NORMAL,0,True,1786531551.857054,warehouse_iot
A1276,True,NORMAL,6.3,True,1786818176.857058,warehouse_iot
A1277,False,NORMAL,58.8,True,1787149544.8570619,warehouse_iot
A1278,False,NORMAL,16.0,True,1786731246.857066,warehouse_iot
A1279,False,NORMAL,4.0,True,1786394085.85707,warehouse_iot
A1280,True,NORMAL,36.5,True,1787075473.857074,warehouse_iot
A1281,True,NORMAL,0.8,True,1786703501.857078,warehouse_iot
A1282,False,NORMAL,10.4,True,1787694329.8570821,warehouse_iot
A1283,False,NORMAL,10.2,True,1786375789.857086,warehouse_iot
A1284,False,NORMAL,11.5,True,1787557778.8570912,warehouse_iot
A1285,True,NORMAL,9.3,True,1786848609.857096,warehouse_iot
A1286,True,DAMAGED,33.9,True,1787459586.857101,warehouse_iot
A1287,False,NORMAL,36.1,True,1786609674.857106,warehouse_iot
A1288,True,NORMAL,0,True,1786203479.857111,warehouse_iot
A1289,False,NORMAL,19.6,True,1787003634.8571148,warehouse_iot
A1290,False,NORMAL,15.4,True,1785500171.857119,warehouse_iot
A1291,True,NORMAL,6.0,True,1787211886.8571231,warehouse_iot
A1292,False,NORMAL,42.2,True,1785627975.857128,warehouse_iot
A1293,False,NORMAL,40.2,True,1786091407.857132,warehouse_iot
A1294,True,NORMAL,9.3,True,1786449576.857136,warehouse_iot
A1295,True,NORMAL,10.8,True,1787327733.85714,warehouse_iot
A1296,False,NORMAL,25.5,False,1786330496.857144,warehouse_iot
A1297,True,NORMAL,11.9,True,1785932641.857148,warehouse_iot
A1298,False,NORMAL,28.4,False,1786447855.857152,warehouse_iot
A1299,False,NORMAL,17.1,True,1786629999.857156,warehouse_iot
A1300,False,NORMAL,21.9,True,1786723500.8571599,warehouse_iot
A1301,True,NORMAL,40.7,True,1786138198.8571641,warehouse_iot
A1302,True,NORMAL,24.2,True,1785554292.857168,warehouse_iot
A1303,True,NORMAL,25.2,True,1786262431.857172,warehouse_iot
A1304,False,NORMAL,17.2,True,1785887388.857175,warehouse_iot
A1305,False,NORMAL,21.2,True,1785882490.857179,warehouse_iot
A1306,True,NORMAL,18.8,True,1787487362.857183,warehouse_iot
A1307,False,NORMAL,27.2,True,1786882171.857188,warehouse_iot
A1308,False,NORMAL,25.9,True,1786164425.857192,warehouse_iot
A1309,False,NORMAL,26.7,True,1785476872.857197,warehouse_iot
A1310,False,NORMAL,36.2,True,1786025206.8572009,warehouse_iot
A1311,True,NORMAL,0,True,1785848865.857205,warehouse_iot
A1312,True,NORMAL,16.0,True,1786331060.8572092,warehouse_iot
A1313,True,NORMAL,0.9,True,1787245085.857214,warehouse_iot
A1314,True,NORMAL,23.7,True,1786104582.857218,warehouse_iot
A1315,False,DETERIORATED,20.6,True,1786030373.8572218,warehouse_iot
A1316,False,NORMAL,14.0,True,1787540412.857226,warehouse_iot
A1317,True,NORMAL,23.9,True,1787053020.8572302,warehouse_iot
A1318,True,NORMAL,36.4,True,1787419315.857234,warehouse_iot
A1319,False,DETERIORATED,0,True,1786118784.857238,warehouse_iot
A1320,False,NORMAL,24.3,True,1786903828.857242,warehouse_iot
A1321,False,NORMAL,0,True,1787601011.857246,warehouse_iot
A1322,False,NORMAL,2.5,True,1787442972.85725,warehouse_iot
A1323,False,DETERIORATED,23.3,True,1787164475.857253,warehouse_iot
A1324,False,NORMAL,40.8,True,1785908723.857257,warehouse_iot
A1325,False,NORMAL,35.4,True,1786963273.857261,warehouse_iot
A1326,False,NORMAL,36.1,True,1785421366.857266,warehouse_iot
A1327,False,NORMAL,1.9,True,1787523536.85727,warehouse_iot
A1328,False,NORMAL,26.4,True,1787772582.857274,warehouse_iot
A1329,True,NORMAL,5.1,True,1787281593.857279,warehouse_iot
A1330,True,NORMAL,44.1,True,1785703642.857284,warehouse_iot
A1331,False,DETERIORATED,17.5,True,1787801974.857288,warehouse_iot
A1332,False,DETERIORATED,3.8,True,1786509470.8572931,warehouse_iot
A1333,False,NORMAL,38.4,True,1786941704.857297,warehouse_iot
A1334,False,NORMAL,30.9,True,1786452136.857301,warehouse_iot
A1335,False,NORMAL,36.3,True,1785721481.857305,warehouse_iot
A1336,False,NORMAL,4.4,True,1787281723.8573089,warehouse_iot
A1337,True,NORMAL,30.2,True,1785625019.857314,warehouse_iot
A1338,False,NORMAL,37.6,True,1787546942.857318,warehouse_iot
A1339,False,NORMAL,3.8,True,1785569378.857322,warehouse_iot
A1340,False,NORMAL,11.8,True,1786506475.857326,warehouse_iot
A1341,False,NORMAL,28.0,True,1786615205.8573298,warehouse_iot
A1342,True,NORMAL,20.6,True,1786803419.857334,warehouse_iot
A1343,True,NORMAL,30.5,True,1786487203.857339,warehouse_iot
A1344,False,NORMAL,13.1,True,1786065919.857343,warehouse_iot
A1345,True,NORMAL,18.4,True,1785424676.8573482,warehouse_iot
A1346,False,NORMAL,22.5,False,1787934828.857352,warehouse_iot
A1347,False,NORMAL,10.4,True,1787160073.857356,warehouse_iot
A1348,False,NORMAL,16.2,True,1787767772.85736,warehouse_iot
A1349,False,NORMAL,32.7,True,1787815450.857364,warehouse_iot
A1350,False,NORMAL,16.1,True,1786360247.857368,warehouse_iot
A1351,False,NORMAL,21.6,True,1786019812.8573718,warehouse_iot
A1352,True,NORMAL,0,True,1787372915.857376,warehouse_iot
A1353,False,NORMAL,20.6,True,1786165704.8573802,warehouse_iot
A1354,False,NORMAL,17.2,True,1785881072.857384,warehouse_iot
A1355,True,NORMAL,0,True,1787780606.857388,warehouse_iot
A1356,False,NORMAL,31.2,True,1787217221.8573928,warehouse_iot
A1357,False,NORMAL,25.9,True,1787419951.857397,warehouse_iot
A1358,False,NORMAL,1.1,True,1786828476.8574011,warehouse_iot
A1359,False,NORMAL,10.9,False,1785977344.857405,warehouse_iot
A1360,False,NORMAL,23.6,True,1786887281.85741,warehouse_iot
A1361,False,NORMAL,14.7,True,1786254298.857414,warehouse_iot
A1362,False,NORMAL,26.2,True,1786378750.8574169,warehouse_iot
A1363,True,NORMAL,21.3,True,1787312929.8574212,warehouse_iot
A1364,False,NORMAL,26.0,True,1787812588.857425,warehouse_iot
A1365,False,NORMAL,2.0,True,1787269980.85743,warehouse_iot
A1366,False,DAMAGED,17.9,True,1786320805.857435,warehouse_iot
A1367,False,NORMAL,10.1,True,1787491013.857439,warehouse_iot
A1368,False,NORMAL,1.5,True,1787674949.857443,warehouse_iot
A1369,True,NORMAL,0,True,1787178821.857447,warehouse_iot
A1370,True,NORMAL,5.0,True,1786371783.857451,warehouse_iot
A1371,False,NORMAL,20.8,True,1786141296.857455,warehouse_iot
A1372,False,NORMAL,8.3,True,1786886443.85746,warehouse_iot
A1373,False,NORMAL,22.1,True,1787836181.857465,warehouse_iot
A1374,False,DETERIORATED,23.8,True,1786636503.8574688,warehouse_iot
A1375,True,NORMAL,6.2,True,1785877459.8574731,warehouse_iot
A1376,False,NORMAL,10.6,True,1786728300.8574772,warehouse_iot
A1377,False,NORMAL,16.3,True,1786885597.857481,warehouse_iot
A1378,False,NORMAL,32.1,True,1786350387.857485,warehouse_iot
A1379,True,NORMAL,42.5,True,1786330552.8574889,warehouse_iot
A1380,False,NORMAL,26.5,True,1786278821.857493,warehouse_iot
A1381,False,NORMAL,33.0,True,1786636490.857497,warehouse_iot
A1382,True,NORMAL,11.0,True,1787189734.857501,warehouse_iot
A1383,False,NORMAL,10.7,True,1785478603.857505,warehouse_iot
A1384,False,DAMAGED,14.8,True,1786352282.8575091,warehouse_iot
A1385,False,NORMAL,8.1,True,1787855404.857513,warehouse_iot
A1386,False,DETERIORATED,8.2,True,1787388867.8575182,warehouse_iot
A1387,False,DETERIORATED,27.2,True,1786752850.857522,warehouse_iot
A1388,False,NORMAL,12.9,True,1785579177.857526,warehouse_iot
A1389,False,NORMAL,41.2,False,1786609677.85753,warehouse_iot
A1390,False,DETERIORATED,32.9,True,1785449270.857534,warehouse_iot
A1391,False,NORMAL,24.6,True,1787744277.857538,warehouse_iot
A1392,False,NORMAL,13.0,True,1786692978.857543,warehouse_iot
A1393,False,NORMAL,26.4,True,1787454568.857547,warehouse_iot
A1394,True,NORMAL,46.7,True,1786781617.857551,warehouse_iot
A1395,False,NORMAL,9.1,True,1786684530.857555,warehouse_iot
A1396,False,NORMAL,36.1,True,1787170996.857559,warehouse_iot
A1397,False,DETERIORATED,25.3,True,1785758135.857564,warehouse_iot
A1398,False,NORMAL,20.4,True,1787583164.857568,warehouse_iot
A1399,False,NORMAL,41.7,False,1787628795.857572,warehouse_iot
A1400,False,NORMAL,0,True,1785655021.8575768,warehouse_iot
A1401,False,NORMAL,16.3,True,1787735826.8575811,warehouse_iot
A1402,False,NORMAL,26.0,True,1787550429.857586,warehouse_iot
A1403,False,NORMAL,0,True,1786933197.85759,warehouse_iot
A1404,False,NORMAL,43.6,True,1787031493.857594,warehouse_iot
A1405,False,DAMAGED,14.7,True,1786454717.857598,warehouse_iot
A1406,False,DAMAGED,4.4,True,1787936787.857604,warehouse_iot
A1407,True,NORMAL,44.7,True,1785856209.8576078,warehouse_iot
A1408,False,NORMAL,30.2,True,1786816229.8576121,warehouse_iot
A1409,False,NORMAL,15.6,True,1786249228.857616,warehouse_iot
A1410,True,NORMAL,0,True,1786750083.85762,warehouse_iot
A1411,False,DETERIORATED,0,True,1785506711.857624,warehouse_iot
A1412,False,NORMAL,0,True,1786418791.8576288,warehouse_iot
A1413,False,NORMAL,34.0,True,1787274123.857633,warehouse_iot
A1414,True,NORMAL,17.7,True,1785638068.8576362,warehouse_iot
A1415,False,NORMAL,21.8,True,1786595938.857641,warehouse_iot
A1416,True,NORMAL,15.1,True,1786400568.857646,warehouse_iot
A1417,False,NORMAL,14.2,True,1787511945.8576498,warehouse_iot
A1418,False,NORMAL,9.8,True,1787601187.857654,warehouse_iot
A1419,True,NORMAL,33.0,True,1786736436.8576581,warehouse_iot
A1420,False,NORMAL,24.3,True,1786481921.857663,warehouse_iot
A1421,True,NORMAL,25.6,True,1786335476.857667,warehouse_iot
A1422,False,NORMAL,27.6,True,1787595203.857671,warehouse_iot
A1423,True,NORMAL,27.2,True,1787698039.857675,warehouse_iot
A1424,False,NORMAL,12.3,True,1787199613.8576791,warehouse_iot
A1425,True,NORMAL,0,True,1786989729.857683,warehouse_iot
A1426,True,NORMAL,0,True,1787233833.857687,warehouse_iot
A1427,True,NORMAL,20.4,True,1786931518.8576908,warehouse_iot
A1428,False,DAMAGED,1.0,True,1785847673.8576949,warehouse_iot
A1429,False,NORMAL,45.8,True,1787793330.8577,warehouse_iot
A1430,False,NORMAL,12.5,True,1787202395.857704,warehouse_iot
A1431,False,NORMAL,36.8,True,1787578572.857708,warehouse_iot
A1432,False,NORMAL,13.6,True,1786486805.857712,warehouse_iot
A1433,False,DETERIORATED,21.5,True,1787347227.857716,warehouse_iot
A1434,True,NORMAL,21.0,False,1786189915.8577201,warehouse_iot
A1435,False,NORMAL,4.2,True,1785516796.857725,warehouse_iot
A1436,True,NORMAL,23.3,True,1787004586.857729,warehouse_iot
A1437,False,NORMAL,8.5,True,1785745223.857733,warehouse_iot
A1438,False,NORMAL,6.4,True,1787563588.857737,warehouse_iot
A1439,False,NORMAL,43.8,True,1787907658.857741,warehouse_iot
A1440,True,NORMAL,30.0,True,1786559287.857745,warehouse_iot
A1441,True,NORMAL,14.6,True,1785649303.85775,warehouse_iot
A1442,True,NORMAL,14.3,True,1786955690.857753,warehouse_iot
A1443,True,NORMAL,15.1,True,1787052857.857758,warehouse_iot
A1444,False,DETERIORATED,0,True,1785779984.857762,warehouse_iot
A1445,False,NORMAL,16.4,True,1786005833.857766,warehouse_iot
A1446,False,NORMAL,28.1,True,1786599028.857771,warehouse_iot
A1447,True,DETERIORATED,0,True,1786152978.8577752,warehouse_iot
A1448,True,DETERIORATED,15.7,True,1785546642.857779,warehouse_iot
A1449,False,NORMAL,18.1,True,1786031545.857783,warehouse_iot
A1450,True,NORMAL,15.3,True,1785891953.857787,warehouse_iot
A1451,False,NORMAL,0,True,1786540251.857792,warehouse_iot
A1452,False,NORMAL,29.2,True,1786592962.8577962,warehouse_iot
A1453,True,NORMAL,13.2,True,1787497506.8578,warehouse_iot
A1454,False,NORMAL,34.7,True,1787466548.857804,warehouse_iot
A1455,True,DETERIORATED,46.7,True,1786174292.8578079,warehouse_iot
A1456,True,DETERIORATED,24.6,True,1786246311.857812,warehouse_iot
A1457,True,NORMAL,15.0,True,1787142977.8578181,warehouse_iot
A1458,True,NORMAL,8.7,True,1787349943.857822,warehouse_iot
A1459,False,NORMAL,0,True,1787448602.857826,warehouse_iot
A1460,True,DETERIORATED,21.3,True,1785729549.8578298,warehouse_iot
A1461,True,NORMAL,21.4,True,1785748755.857835,warehouse_iot
A1462,False,NORMAL,19.5,True,1787600432.857839,warehouse_iot
A1463,False,NORMAL,10.1,True,1786583378.857843,warehouse_iot
A1464,True,NORMAL,24.1,True,1785996633.857847,warehouse_iot
A1465,False,DETERIORATED,0,False,1785784872.8578508,warehouse_iot
A1466,True,NORMAL,33.9,True,1785585751.857854,warehouse_iot
A1467,False,NORMAL,4.4,True,1785925090.8578591,warehouse_iot
A1468,False,NORMAL,25.3,True,1786725519.857863,warehouse_iot
A1469,False,NORMAL,32.6,True,1785977012.857867,warehouse_iot
A1470,False,DETERIORATED,18.8,True,1787418321.8578718,warehouse_iot
A1471,False,NORMAL,22.4,True,1786202913.857876,warehouse_iot
A1472,False,DETERIORATED,19.3,True,1787120893.85788,warehouse_iot
A1473,True,NORMAL,8.1,True,1785856838.857884,warehouse_iot
A1474,False,NORMAL,20.3,True,1786877985.857888,warehouse_iot
A1475,True,NORMAL,21.2,True,1787112951.857892,warehouse_iot
A1476,True,DETERIORATED,11.7,True,1787403743.8578959,warehouse_iot
A1477,False,NORMAL,19.0,True,1785663398.857901,warehouse_iot
A1478,True,NORMAL,0,True,1787415272.857905,warehouse_iot
A1479,False,NORMAL,18.4,True,1786108007.857908,warehouse_iot
A1480,True,NORMAL,1.8,True,1787449914.857912,warehouse_iot
A1481,True,NORMAL,16.1,True,1786098803.8579159,warehouse_iot
A1482,True,NORMAL,27.0,True,1786520332.85792,warehouse_iot
A1483,False,NORMAL,25.9,True,1786910428.8579252,warehouse_iot
A1484,False,DETERIORATED,0,True,1786861763.85793,warehouse_iot
A1485,False,NORMAL,17.4,True,1787871952.857933,warehouse_iot
A1486,False,NORMAL,10.1,True,1786357085.8579378,warehouse_iot
A1487,True,NORMAL,22.5,True,1786326751.857942,warehouse_iot
A1488,False,NORMAL,32.7,True,1786971131.8579462,warehouse_iot
A1489,True,NORMAL,34.2,True,1786506901.857951,warehouse_iot
A1490,False,NORMAL,19.8,True,1787228578.857955,warehouse_iot
A1491,False,NORMAL,0,True,1786081953.8579588,warehouse_iot
A1492,True,DETERIORATED,0,False,1786677986.857963,warehouse_iot
A1493,True,DETERIORATED,19.5,True,1786087806.8579671,warehouse_iot
A1494,True,NORMAL,27.7,True,1786095427.857972,warehouse_iot
A1495,False,NORMAL,0,True,1786062790.857976,warehouse_iot
A1496,True,NORMAL,8.3,True,1786739848.85798,warehouse_iot
A1497,False,NORMAL,13.4,True,1786956125.857984,warehouse_iot
A1498,False,NORMAL,26.9,True,1786496106.857988,warehouse_iot
A1499,False,NORMAL,34.6,True,1787050021.858082,warehouse_iot
A1500,False,NORMAL,3.5,True,1786445823.8580868,warehouse_iot
A1501,False,NORMAL,30.0,True,1787769400.858092,warehouse_iot
A1502,False,NORMAL,14.5,True,1786592548.8580961,warehouse_iot
A1503,True,NORMAL,1.3,True,1786358181.8581,warehouse_iot
A1504,True,NORMAL,26.2,False,1785762234.858104,warehouse_iot
A1505,False,NORMAL,27.9,False,1786614870.8581078,warehouse_iot
A1506,False,NORMAL,5.5,True,1786293128.858112,warehouse_iot
A1507,False,NORMAL,0.2,True,1787386303.8581161,warehouse_iot
A1508,False,NORMAL,30.7,True,1787869493.858121,warehouse_iot
A1509,False,DETERIORATED,21.2,True,1786579964.858125,warehouse_iot
A1510,False,NORMAL,33.0,True,1785848031.8581288,warehouse_iot
A1511,False,NORMAL,20.4,True,1785883955.858133,warehouse_iot
A1512,False,NORMAL,41.0,True,1786590731.8581371,warehouse_iot
A1513,True,NORMAL,33.0,True,1785893887.858141,warehouse_iot
A1514,True,NORMAL,19.3,True,1786544258.858145,warehouse_iot
A1515,False,NORMAL,26.9,True,1786645238.858149,warehouse_iot
A1516,False,NORMAL,10.5,True,1787712252.858154,warehouse_iot
A1517,True,NORMAL,28.3,True,1787238934.8581572,warehouse_iot
A1518,False,NORMAL,31.1,True,1787832854.858162,warehouse_iot
A1519,False,NORMAL,0,True,1785374897.858166,warehouse_iot
A1520,False,NORMAL,37.2,True,1785466415.85817,warehouse_iot
A1521,False,NORMAL,14.2,True,1786137338.858175,warehouse_iot
A1522,False,NORMAL,8.9,True,1786283923.858179,warehouse_iot
A1523,False,NORMAL,12.1,True,1787637064.858183,warehouse_iot
A1524,False,NORMAL,0,True,1786243071.858187,warehouse_iot
A1525,True,NORMAL,15.6,True,1787478370.858191,warehouse_iot
A1526,False,DETERIORATED,0,True,1786906421.8581948,warehouse_iot
A1527,False,NORMAL,0,True,1785862676.8581991,warehouse_iot
A1528,True,NORMAL,12.8,True,1786540835.858203,warehouse_iot
A1529,False,NORMAL,27.6,True,1787036903.858208,warehouse_iot
A1530,True,NORMAL,32.4,True,1787535690.858211,warehouse_iot
A1531,False,DETERIORATED,3.4,True,1786023608.8582149,warehouse_iot
A1532,False,NORMAL,38.8,True,1785563026.858219,warehouse_iot
A1533,False,NORMAL,14.1,True,1786196382.8582242,warehouse_iot
A1534,True,NORMAL,9.8,False,1786729886.858227,warehouse_iot
A1535,False,NORMAL,0,True,1787832985.858232,warehouse_iot
A1536,False,NORMAL,6.6,True,1786703501.8582358,warehouse_iot
A1537,False,NORMAL,2.3,True,1787910686.858239,warehouse_iot
A1538,True,NORMAL,0,True,1787775777.858243,warehouse_iot
A1539,True,NORMAL,11.6,True,1786031950.858248,warehouse_iot
A1540,False,NORMAL,30.0,True,1785573102.858252,warehouse_iot
A1541,True,NORMAL,25.0,True,1787278562.8582568,warehouse_iot
A1542,False,NORMAL,42.9,True,1785762845.858262,warehouse_iot
A1543,False,NORMAL,28.8,True,1786911587.858266,warehouse_iot
A1544,False,NORMAL,51.2,False,1786616568.858271,warehouse_iot
A1545,True,NORMAL,47.2,True,1786890850.8582752,warehouse_iot
A1546,False,NORMAL,13.5,True,1785863671.858279,warehouse_iot
A1547,False,NORMAL,0.1,True,1786295606.858283,warehouse_iot
A1548,False,NORMAL,44.8,True,1786042545.858287,warehouse_iot
A1549,True,NORMAL,24.1,True,1786573534.858291,warehouse_iot
A1550,False,NORMAL,0.3,True,1786810535.858295,warehouse_iot
A1551,True,NORMAL,9.4,True,1785586695.8582988,warehouse_iot
A1552,False,NORMAL,20.9,True,1787354822.858304,warehouse_iot
A1553,True,NORMAL,0,True,1785712783.858308,warehouse_iot
A1554,False,NORMAL,6.4,True,1787842248.858312,warehouse_iot
A1555,False,NORMAL,28.9,True,1787140273.858316,warehouse_iot
A1556,False,NORMAL,0.1,True,1787433995.8583198,warehouse_iot
A1557,True,NORMAL,12.7,True,1785941967.858324,warehouse_iot
A1558,False,NORMAL,11.4,True,1785958923.858328,warehouse_iot
A1559,False,NORMAL,27.2,True,1787203009.8583329,warehouse_iot
A1560,False,NORMAL,0,True,1786505944.858337,warehouse_iot
A1561,False,DETERIORATED,14.1,True,1786986324.858342,warehouse_iot
A1562,False,NORMAL,19.4,True,1786180272.858345,warehouse_iot
A1563,True,NORMAL,32.3,True,1786032494.858351,warehouse_iot
A1564,False,NORMAL,46.7,True,1787550044.858356,warehouse_iot
A1565,True,DETERIORATED,29.7,True,1785727936.85836,warehouse_iot
A1566,False,DETERIORATED,0,True,1785969578.858367,warehouse_iot
A1567,False,DETERIORATED,37.0,True,1786312984.858371,warehouse_iot
A1568,True,NORMAL,13.1,True,1785418690.8583748,warehouse_iot
A1569,False,NORMAL,3.3,True,1785467979.858378,warehouse_iot
A1570,False,NORMAL,19.0,True,1786869573.8583832,warehouse_iot
A1571,True,NORMAL,0,True,1787791771.858387,warehouse_iot
A1572,True,DETERIORATED,40.6,True,1787846412.858391,warehouse_iot
A1573,False,NORMAL,10.3,True,1786267095.8583949,warehouse_iot
A1574,False,NORMAL,0.1,True,1786551271.858399,warehouse_iot
A1575,False,DETERIORATED,5.8,True,1786856502.858403,warehouse_iot
A1576,False,NORMAL,11.7,True,1785598971.858408,warehouse_iot
A1577,True,NORMAL,2.2,True,1785699866.858412,warehouse_iot
A1578,False,NORMAL,22.0,True,1787871999.858416,warehouse_iot
A1579,True,NORMAL,22.7,True,1787316599.858421,warehouse_iot
A1580,False,NORMAL,40.2,True,1786361907.858426,warehouse_iot
A1581,False,DAMAGED,17.8,True,1785422340.85843,warehouse_iot
A1582,False,NORMAL,29.9,True,1787312419.858434,warehouse_iot
A1583,False,NORMAL,0,True,1785433480.8584378,warehouse_iot
A1584,False,DETERIORATED,8.5,True,1785655068.858443,warehouse_iot
A1585,True,NORMAL,0,False,1786649198.858447,warehouse_iot
A1586,True,NORMAL,12.7,True,1787058039.858451,warehouse_iot
A1587,False,NORMAL,26.8,True,1786806927.8584561,warehouse_iot
A1588,False,NORMAL,41.7,True,1787163295.85846,warehouse_iot
A1589,True,NORMAL,30.4,True,1786301099.858464,warehouse_iot
A1590,True,NORMAL,42.6,True,1786481858.858468,warehouse_iot
A1591,False,NORMAL,9.4,True,1787648376.8584719,warehouse_iot
A1592,True,NORMAL,23.7,True,1786783598.858477,warehouse_iot
A1593,False,NORMAL,21.0,True,1786413725.8584828,warehouse_iot
A1594,False,NORMAL,0,True,1786411074.8584871,warehouse_iot
A1595,False,NORMAL,1.7,True,1786317110.858491,warehouse_iot
A1596,False,NORMAL,22.4,True,1785556138.858494,warehouse_iot
A1597,True,NORMAL,19.4,True,1787536038.858498,warehouse_iot
A1598,False,NORMAL,20.2,True,1787287551.8585029,warehouse_iot
A1599,False,DETERIORATED,0,True,1785480959.858507,warehouse_iot
A1600,True,NORMAL,26.5,True,1786601649.8585112,warehouse_iot
A1601,True,NORMAL,23.3,True,1786523904.858516,warehouse_iot
A1602,False,NORMAL,12.2,True,1786549802.85852,warehouse_iot
A1603,False,NORMAL,55.1,True,1787418480.8585238,warehouse_iot
A1604,False,DETERIORATED,18.8,True,1785363072.858528,warehouse_iot
A1605,False,NORMAL,39.6,True,1786112308.8585322,warehouse_iot
A1606,False,NORMAL,17.6,True,1785416456.858537,warehouse_iot
A1607,False,NORMAL,0,True,1786622098.858542,warehouse_iot
A1608,False,NORMAL,21.4,True,1785971437.858546,warehouse_iot
A1609,False,NORMAL,32.4,True,1785463398.858551,warehouse_iot
A1610,False,NORMAL,14.9,True,1787685303.8585548,warehouse_iot
A1611,False,NORMAL,34.4,True,1786537691.858559,warehouse_iot
A1612,False,NORMAL,22.5,True,1787435123.8585632,warehouse_iot
A1613,False,NORMAL,5.3,True,1787357421.858568,warehouse_iot
A1614,True,DAMAGED,6.9,True,1787107506.858572,warehouse_iot
A1615,False,NORMAL,33.9,True,1787509242.8585758,warehouse_iot
A1616,False,NORMAL,0,True,1786749350.858581,warehouse_iot
A1617,True,NORMAL,31.2,True,1786281087.8585851,warehouse_iot
A1618,False,NORMAL,57.2,True,1787284977.858589,warehouse_iot
A1619,True,NORMAL,25.4,True,1785818432.858593,warehouse_iot
A1620,False,NORMAL,44.8,True,1786063612.858598,warehouse_iot
A1621,False,NORMAL,19.9,True,1785583630.858602,warehouse_iot
A1622,False,NORMAL,34.5,True,1787823094.858606,warehouse_iot
A1623,False,NORMAL,6.1,True,1786694266.85861,warehouse_iot
A1624,False,DAMAGED,21.7,True,1787702925.858615,warehouse_iot
A1625,False,NORMAL,50.5,True,1786780863.858619,warehouse_iot
A1626,True,NORMAL,2.3,False,1786373959.858623,warehouse_iot
A1627,False,NORMAL,0,True,1786074095.8586292,warehouse_iot
A1628,False,NORMAL,9.0,True,1785789127.858633,warehouse_iot
A1629,False,NORMAL,18.0,True,1787955056.858638,warehouse_iot
A1630,False,NORMAL,16.9,True,1786392245.8586419,warehouse_iot
A1631,False,NORMAL,28.9,True,1787806934.858647,warehouse_iot
A1632,True,NORMAL,11.5,True,1787038458.858651,warehouse_iot
A1633,False,DETERIORATED,19.9,True,1786690992.858655,warehouse_iot
A1634,True,DAMAGED,14.6,True,1786998183.858659,warehouse_iot
A1635,False,NORMAL,31.1,False,1786116819.8586628,warehouse_iot
A1636,True,NORMAL,0,True,1786990637.858668,warehouse_iot
A1637,False,NORMAL,0,True,1787355517.8586721,warehouse_iot
A1638,False,NORMAL,0,True,1786300522.858677,warehouse_iot
A1639,False,NORMAL,0,True,1786404073.8586812,warehouse_iot
A1640,True,NORMAL,0,True,1785999852.858685,warehouse_iot
A1641,False,NORMAL,6.5,True,1786545271.858689,warehouse_iot
A1642,True,NORMAL,31.2,True,1786731480.8586931,warehouse_iot
A1643,False,NORMAL,31.6,True,1786050152.858698,warehouse_iot
A1644,False,NORMAL,22.1,True,1787072974.8587022,warehouse_iot
A1645,False,NORMAL,24.0,True,1787567929.858707,warehouse_iot
A1646,False,NORMAL,25.5,True,1787602836.858712,warehouse_iot
A1647,False,DETERIORATED,11.8,True,1785424285.858716,warehouse_iot
A1648,False,NORMAL,15.3,True,1787657406.85872,warehouse_iot
A1649,True,NORMAL,20.2,True,1787816131.858724,warehouse_iot
A1650,False,NORMAL,34.3,True,1785770788.858728,warehouse_iot
A1651,True,NORMAL,46.7,True,1786839904.858732,warehouse_iot
A1652,False,NORMAL,25.9,True,1785532594.858737,warehouse_iot
A1653,False,NORMAL,35.3,True,1786913783.858741,warehouse_iot
A1654,False,NORMAL,18.7,True,1786055970.858745,warehouse_iot
A1655,False,NORMAL,32.1,True,1786121819.8587499,warehouse_iot
A1656,False,NORMAL,5.1,True,1786498844.858755,warehouse_iot
A1657,False,NORMAL,43.1,True,1787339380.858759,warehouse_iot
A1658,False,NORMAL,22.6,True,1786491213.858764,warehouse_iot
A1659,False,NORMAL,24.3,True,1785847126.858768,warehouse_iot
A1660,True,DETERIORATED,0,True,1787675788.858773,warehouse_iot
A1661,False,NORMAL,0,True,1785417038.858777,warehouse_iot
A1662,False,NORMAL,0,True,1787235767.858782,warehouse_iot
A1663,True,DETERIORATED,11.9,True,1787304598.858786,warehouse_iot
A1664,False,NORMAL,0,True,1786591256.85879,warehouse_iot
A1665,True,NORMAL,5.1,True,1787088509.858794,warehouse_iot
A1666,True,NORMAL,19.5,True,1786622838.858798,warehouse_iot
A1667,False,NORMAL,21.1,True,1786539722.858803,warehouse_iot
A1668,False,DETERIORATED,13.2,True,1785661698.858807,warehouse_iot
A1669,False,NORMAL,14.5,True,1786995077.858811,warehouse_iot
A1670,False,NORMAL,18.0,True,1785852916.858817,warehouse_iot
A1671,False,NORMAL,31.3,True,1787216224.8588219,warehouse_iot
A1672,True,NORMAL,34.4,True,1787449645.858826,warehouse_iot
A1673,False,NORMAL,17.8,True,1785771366.8588312,warehouse_iot
A1674,True,NORMAL,29.3,True,1785883997.858835,warehouse_iot
A1675,False,DETERIORATED,12.3,True,1787458876.85884,warehouse_iot
A1676,True,NORMAL,24.3,False,1787855011.8588438,warehouse_iot
A1677,False,NORMAL,18.6,True,1785622762.858849,warehouse_iot
A1678,True,NORMAL,26.8,True,1785570934.8588538,warehouse_iot
A1679,False,NORMAL,12.1,True,1785363766.8588579,warehouse_iot
A1680,False,NORMAL,27.6,True,1786903297.858863,warehouse_iot
A1681,False,NORMAL,0,True,1786225966.858867,warehouse_iot
A1682,True,NORMAL,3.2,True,1786008230.858871,warehouse_iot
A1683,False,NORMAL,7.7,True,1786819406.858876,warehouse_iot
A1684,False,NORMAL,14.5,True,1786246254.85888,warehouse_iot
A1685,False,NORMAL,20.1,True,1785634447.858884,warehouse_iot
A1686,False,NORMAL,0,True,1787743843.8588889,warehouse_iot
A1687,False,NORMAL,10.7,True,1787901292.858894,warehouse_iot
A1688,True,DETERIORATED,18.8,False,1785911437.858898,warehouse_iot
A1689,False,DETERIORATED,40.8,True,1787753556.858902,warehouse_iot
A1690,False,NORMAL,36.9,False,1786339348.858907,warehouse_iot
A1691,True,NORMAL,20.8,True,1786046505.858911,warehouse_iot
A1692,True,NORMAL,27.9,True,1785482978.858915,warehouse_iot
A1693,True,NORMAL,20.1,True,1786912254.8589199,warehouse_iot
A1694,True,NORMAL,33.4,True,1786006405.8589242,warehouse_iot
A1695,False,NORMAL,6.7,True,1786471954.858929,warehouse_iot
A1696,True,NORMAL,34.8,True,1786622068.858933,warehouse_iot
A1697,False,NORMAL,11.6,True,1786590499.858937,warehouse_iot
A1698,True,NORMAL,7.6,True,1785734100.858942,warehouse_iot
A1699,True,NORMAL,33.7,True,1785769508.858946,warehouse_iot
A1700,True,NORMAL,44.0,True,1786391377.85895,warehouse_iot
A1701,True,NORMAL,25.7,True,1786735931.858955,warehouse_iot
A1702,False,NORMAL,39.0,True,1786011542.8589592,warehouse_iot
A1703,True,NORMAL,14.6,True,1787423991.858964,warehouse_iot
A1704,False,DETERIORATED,4.6,True,1786320943.858968,warehouse_iot
A1705,True,NORMAL,10.6,True,1786742646.8589718,warehouse_iot
A1706,False,NORMAL,24.2,True,1785508158.858977,warehouse_iot
A1707,False,NORMAL,18.7,True,1787741816.8589811,warehouse_iot
A1708,True,DETERIORATED,30.0,True,1787850380.858986,warehouse_iot
A1709,True,NORMAL,28.8,True,1786906115.8589911,warehouse_iot
A1710,False,NORMAL,4.0,True,1786045686.858995,warehouse_iot
A1711,True,NORMAL,23.8,True,1785544615.858999,warehouse_iot
A1712,True,DETERIORATED,27.5,False,1787130263.859005,warehouse_iot
A1713,False,NORMAL,9.8,True,1786067719.85901,warehouse_iot
A1714,False,NORMAL,27.4,True,1787352852.8590138,warehouse_iot
A1715,False,DETERIORATED,35.2,True,1787534654.859018,warehouse_iot
A1716,True,NORMAL,22.2,True,1787019145.859023,warehouse_iot
A1717,True,NORMAL,15.9,True,1786587937.859027,warehouse_iot
A1718,False,NORMAL,14.0,True,1787412176.8590322,warehouse_iot
A1719,False,NORMAL,30.3,True,1787665075.859036,warehouse_iot
A1720,True,NORMAL,28.2,True,1787477994.85904,warehouse_iot
A1721,False,NORMAL,25.6,True,1786695562.859045,warehouse_iot
A1722,True,NORMAL,15.2,True,1787269473.8590488,warehouse_iot
A1723,False,NORMAL,28.8,True,1785641903.859054,warehouse_iot
A1724,False,NORMAL,14.2,True,1786935511.859058,warehouse_iot
A1725,False,NORMAL,35.4,True,1785728617.859062,warehouse_iot
A1726,False,NORMAL,21.8,True,1785661460.859068,warehouse_iot
A1727,True,NORMAL,17.5,True,1787558683.859073,warehouse_iot
A1728,True,NORMAL,23.4,True,1785839654.8590772,warehouse_iot
A1729,False,NORMAL,22.5,True,1786446109.859081,warehouse_iot
A1730,False,NORMAL,0,True,1787332868.859086,warehouse_iot
A1731,True,NORMAL,41.6,True,1787193396.8590899,warehouse_iot
A1732,True,NORMAL,4.3,True,1785752185.859095,warehouse_iot
A1733,False,NORMAL,10.6,True,1785924785.859099,warehouse_iot
A1734,False,NORMAL,21.2,True,1785743140.859103,warehouse_iot
A1735,False,NORMAL,41.0,True,1785439641.859107,warehouse_iot
A1736,True,NORMAL,28.0,True,1786063844.859112,warehouse_iot
A1737,True,NORMAL,33.7,True,1785862685.859116,warehouse_iot
A1738,False,NORMAL,0,True,1786557903.8591201,warehouse_iot
A1739,True,NORMAL,0,True,1787342473.859124,warehouse_iot
A1740,False,NORMAL,16.8,True,1785759275.859128,warehouse_iot
A1741,False,NORMAL,24.8,True,1785724035.859133,warehouse_iot
A1742,True,NORMAL,21.7,True,1787575487.859137,warehouse_iot
A1743,False,NORMAL,6.6,True,1787845604.859141,warehouse_iot
A1744,True,NORMAL,32.3,True,1785545705.859145,warehouse_iot
A1745,True,NORMAL,28.4,True,1785368744.8591502,warehouse_iot
A1746,False,NORMAL,20.0,True,1785508628.859154,warehouse_iot
A1747,False,NORMAL,13.3,True,1786460032.859158,warehouse_iot
A1748,False,NORMAL,35.4,True,1787487561.8591628,warehouse_iot
A1749,False,DAMAGED,11.6,True,1785794669.8591669,warehouse_iot
A1750,True,NORMAL,26.6,True,1787697147.8591712,warehouse_iot
A1751,False,NORMAL,19.6,True,1786147930.859176,warehouse_iot
A1752,True,NORMAL,1.7,True,1786518223.85918,warehouse_iot
A1753,True,DETERIORATED,27.2,True,1785495953.859184,warehouse_iot
A1754,True,NORMAL,23.0,True,1785954383.859189,warehouse_iot
A1755,False,NORMAL,24.8,True,1787922174.859193,warehouse_iot
A1756,True,NORMAL,22.2,True,1786925349.859197,warehouse_iot
A1757,True,NORMAL,14.4,True,1786044148.859201,warehouse_iot
A1758,False,NORMAL,15.2,True,1786996268.859206,warehouse_iot
A1759,True,NORMAL,5.8,True,1787829453.85921,warehouse_iot
A1760,False,NORMAL,14.9,True,1785950848.859214,warehouse_iot
A1761,False,NORMAL,13.2,True,1785487121.8592188,warehouse_iot
A1762,False,NORMAL,0,True,1785459203.8592231,warehouse_iot
A1763,False,NORMAL,47.4,True,1787719199.859227,warehouse_iot
A1764,False,NORMAL,30.5,True,1786154305.859231,warehouse_iot
A1765,False,NORMAL,0,True,1787310247.859236,warehouse_iot
A1766,True,NORMAL,15.9,True,1785831682.859242,warehouse_iot
A1767,False,NORMAL,39.0,True,1787259565.859246,warehouse_iot
A1768,False,NORMAL,19.4,True,1786158761.8592498,warehouse_iot
A1769,True,NORMAL,0,False,1786693255.8592541,warehouse_iot
A1770,False,NORMAL,9.6,True,1786440982.8592582,warehouse_iot
A1771,False,NORMAL,42.9,True,1787702396.859263,warehouse_iot
A1772,True,NORMAL,38.1,True,1787263091.8592682,warehouse_iot
A1773,False,NORMAL,36.1,True,1785761788.859273,warehouse_iot
A1774,False,NORMAL,32.8,True,1785339502.859277,warehouse_iot
A1775,False,NORMAL,8.0,False,1786413287.859282,warehouse_iot
A1776,False,NORMAL,40.0,True,1787545291.859286,warehouse_iot
A1777,False,NORMAL,1.9,True,1786093662.8592908,warehouse_iot
A1778,False,NORMAL,33.1,False,1786864255.859295,warehouse_iot
A1779,True,NORMAL,33.4,True,1786617734.8593001,warehouse_iot
A1780,True,NORMAL,24.8,True,1785939256.859304,warehouse_iot
A1781,False,NORMAL,0,False,1787339841.859308,warehouse_iot
A1782,True,NORMAL,32.7,True,1787410235.859312,warehouse_iot
A1783,False,NORMAL,1.0,True,1787359790.859317,warehouse_iot
A1784,False,NORMAL,17.7,True,1787209695.859321,warehouse_iot
A1785,False,DETERIORATED,38.1,True,1786569209.859325,warehouse_iot
A1786,False,NORMAL,7.8,True,1786867305.85933,warehouse_iot
A1787,True,NORMAL,0.0,True,1787326243.859334,warehouse_iot
A1788,True,NORMAL,0,True,1787497005.859338,warehouse_iot
A1789,False,NORMAL,31.0,True,1787299235.859342,warehouse_iot
A1790,False,NORMAL,0,True,1787828964.8593469,warehouse_iot
A1791,False,NORMAL,41.6,True,1787128920.859352,warehouse_iot
A1792,False,NORMAL,32.3,True,1786563933.8593569,warehouse_iot
A1793,False,NORMAL,12.6,True,1785988609.859361,warehouse_iot
A1794,False,DETERIORATED,17.8,True,1785606209.8593652,warehouse_iot
A1795,False,NORMAL,15.8,True,1786051027.859371,warehouse_iot
A1796,False,NORMAL,20.1,True,1785887971.859375,warehouse_iot
A1797,False,DETERIORATED,6.7,True,1786431390.859381,warehouse_iot
A1798,True,NORMAL,21.2,True,1786237855.8593862,warehouse_iot
A1799,True,NORMAL,12.9,True,1786952970.85939,warehouse_iot
A1800,False,NORMAL,58.4,True,1787723451.859395,warehouse_iot
A1801,True,NORMAL,29.7,True,1785555744.8594,warehouse_iot
A1802,False,NORMAL,15.3,True,1785699260.859404,warehouse_iot
A1803,False,NORMAL,14.2,True,1785745266.859408,warehouse_iot
A1804,True,NORMAL,17.5,True,1786233521.859413,warehouse_iot
A1805,True,NORMAL,28.3,True,1787511778.8594172,warehouse_iot
A1806,True,NORMAL,6.2,True,1786225354.859423,warehouse_iot
A1807,False,NORMAL,17.1,True,1786107815.8594282,warehouse_iot
A1808,False,NORMAL,28.4,True,1786149882.859433,warehouse_iot
A1809,False,NORMAL,25.2,True,1787789264.8594382,warehouse_iot
A1810,False,NORMAL,14.1,True,1787424783.859442,warehouse_iot
A1811,False,NORMAL,19.3,True,1787513934.859447,warehouse_iot
A1812,False,NORMAL,20.4,True,1785809430.8594508,warehouse_iot
A1813,True,NORMAL,0,True,1786632255.859456,warehouse_iot
A1814,False,DETERIORATED,42.6,True,1787195070.859461,warehouse_iot
A1815,True,NORMAL,54.6,True,1786545723.859465,warehouse_iot
A1816,False,NORMAL,5.1,True,1787202150.859469,warehouse_iot
A1817,True,NORMAL,0,True,1786882751.859474,warehouse_iot
A1818,False,NORMAL,19.7,True,1787338682.859478,warehouse_iot
A1819,False,NORMAL,25.7,True,1787638003.8594828,warehouse_iot
A1820,True,NORMAL,13.8,True,1787641038.859488,warehouse_iot
A1821,True,NORMAL,49.1,True,1786343247.859492,warehouse_iot
A1822,False,NORMAL,3.0,True,1786493997.8594959,warehouse_iot
A1823,True,NORMAL,0,True,1785686233.8595011,warehouse_iot
A1824,True,NORMAL,26.5,True,1787010604.859506,warehouse_iot
A1825,False,NORMAL,9.7,True,1786551975.85951,warehouse_iot
A1826,True,NORMAL,25.4,True,1787615077.859514,warehouse_iot
A1827,False,NORMAL,17.4,True,1786963412.859519,warehouse_iot
A1828,False,NORMAL,15.1,True,1787026110.859523,warehouse_iot
A1829,False,NORMAL,44.4,True,1786376541.8595269,warehouse_iot
A1830,False,NORMAL,35.7,True,1787815377.859531,warehouse_iot
A1831,True,NORMAL,13.6,True,1785690774.859536,warehouse_iot
A1832,False,NORMAL,4.6,True,1786288240.85954,warehouse_iot
A1833,True,NORMAL,5.2,True,1786390863.859545,warehouse_iot
A1834,False,NORMAL,39.7,True,1786436610.859549,warehouse_iot
A1835,False,NORMAL,27.6,True,1786369769.859553,warehouse_iot
A1836,False,NORMAL,4.7,True,1786840068.8595572,warehouse_iot
A1837,False,NORMAL,0.8,True,1787175894.859562,warehouse_iot
A1838,False,NORMAL,12.0,True,1786800853.859566,warehouse_iot
A1839,False,NORMAL,17.6,True,1786985260.85957,warehouse_iot
A1840,True,NORMAL,29.4,True,1786577253.859576,warehouse_iot
A1841,False,NORMAL,11.9,True,1787554509.8595798,warehouse_iot
A1842,False,NORMAL,42.9,True,1787397331.859585,warehouse_iot
A1843,True,NORMAL,32.5,True,1787070049.859589,warehouse_iot
A1844,True,NORMAL,18.3,True,1785581594.859593,warehouse_iot
A1845,False,NORMAL,0,True,1786851107.859597,warehouse_iot
A1846,False,NORMAL,57.6,True,1786574781.859603,warehouse_iot
A1847,False,NORMAL,0,True,1785381000.859607,warehouse_iot
A1848,False,NORMAL,15.1,True,1786797218.8596108,warehouse_iot
A1849,False,DETERIORATED,12.5,True,1787517537.859616,warehouse_iot
A1850,False,NORMAL,14.3,True,1787416096.85962,warehouse_iot
A1851,True,NORMAL,25.0,True,1787148519.859624,warehouse_iot
A1852,False,NORMAL,0,True,1787624758.8596292,warehouse_iot
A1853,False,NORMAL,4.3,True,1785662690.859633,warehouse_iot
A1854,True,NORMAL,19.5,True,1787257935.859638,warehouse_iot
A1855,False,NORMAL,0,True,1785519233.859642,warehouse_iot
A1856,False,NORMAL,0,True,1786646359.8596458,warehouse_iot
A1857,True,NORMAL,11.3,True,1787751022.8596501,warehouse_iot
A1858,False,NORMAL,17.7,True,1785636718.859655,warehouse_iot
A1859,False,DETERIORATED,10.3,True,1787275272.859659,warehouse_iot
A1860,False,DETERIORATED,10.4,True,1787542860.859664,warehouse_iot
A1861,True,NORMAL,31.5,True,1785437454.859668,warehouse_iot
A1862,False,NORMAL,21.5,True,1787871130.859672,warehouse_iot
A1863,False,NORMAL,13.5,True,1786672213.8596768,warehouse_iot
A1864,False,NORMAL,31.1,True,1786266123.8596811,warehouse_iot
A1865,True,NORMAL,23.3,True,1787812251.8596852,warehouse_iot
A1866,True,NORMAL,14.7,True,1786254541.859689,warehouse_iot
A1867,False,NORMAL,19.1,True,1787262908.859694,warehouse_iot
A1868,True,NORMAL,3.4,True,1787911373.8596978,warehouse_iot
A1869,False,NORMAL,19.9,True,1786243793.859702,warehouse_iot
A1870,False,NORMAL,44.0,True,1787543869.8597069,warehouse_iot
A1871,True,NORMAL,0,True,1787688682.859712,warehouse_iot
A1872,True,NORMAL,4.6,True,1785384898.8597162,warehouse_iot
A1873,False,NORMAL,24.0,True,1787021920.85972,warehouse_iot
A1874,True,NORMAL,20.7,True,1787296419.859725,warehouse_iot
A1875,False,NORMAL,21.7,True,1785882530.8597288,warehouse_iot
A1876,True,NORMAL,15.8,True,1785699163.859733,warehouse_iot
A1877,False,NORMAL,17.5,True,1786585574.8597372,warehouse_iot
A1878,True,NORMAL,25.2,True,1787686413.859742,warehouse_iot
A1879,False,NORMAL,42.8,True,1787485510.859746,warehouse_iot
A1880,False,NORMAL,18.5,True,1787912379.8597498,warehouse_iot
A1881,False,NORMAL,35.6,True,1786566739.859755,warehouse_iot
A1882,True,NORMAL,18.2,True,1787112030.85976,warehouse_iot
A1883,False,NORMAL,19.1,False,1787812168.859765,warehouse_iot
A1884,False,NORMAL,16.2,True,1785935993.85977,warehouse_iot
A1885,False,NORMAL,23.3,True,1786370543.8597739,warehouse_iot
A1886,False,NORMAL,9.5,True,1787683188.8597791,warehouse_iot
A1887,True,NORMAL,29.8,True,1787228820.859784,warehouse_iot
A1888,False,NORMAL,0,True,1787042120.859788,warehouse_iot
A1889,False,NORMAL,38.3,True,1785735200.859793,warehouse_iot
A1890,False,NORMAL,10.2,True,1787452099.859797,warehouse_iot
A1891,True,NORMAL,12.7,True,1786111567.859802,warehouse_iot
A1892,False,DETERIORATED,34.1,True,1785725558.859806,warehouse_iot
A1893,False,DETERIORATED,23.3,True,1785498553.85981,warehouse_iot
A1894,True,NORMAL,19.4,True,1787354973.859815,warehouse_iot
A1895,True,DETERIORATED,17.9,True,1787584229.859819,warehouse_iot
A1896,True,NORMAL,2.3,True,1786068254.8598242,warehouse_iot
A1897,False,NORMAL,0,True,1787128201.859828,warehouse_iot
A1898,False,NORMAL,7.0,True,1785814806.859832,warehouse_iot
A1899,True,NORMAL,15.4,True,1785577324.8598368,warehouse_iot
A1900,False,NORMAL,16.0,True,1786924603.859841,warehouse_iot
A1901,False,NORMAL,15.4,True,1786378427.8598452,warehouse_iot
A1902,True,NORMAL,32.8,True,1786214392.859849,warehouse_iot
A1903,False,NORMAL,30.1,False,1785449422.859854,warehouse_iot
A1904,True,NORMAL,38.1,True,1786794278.859858,warehouse_iot
A1905,True,NORMAL,22.8,True,1787094914.859863,warehouse_iot
A1906,False,NORMAL,31.8,True,1785419823.8598669,warehouse_iot
A1907,True,NORMAL,9.9,True,1786445967.859871,warehouse_iot
A1908,True,NORMAL,22.8,True,1787550398.859875,warehouse_iot
A1909,False,DETERIORATED,23.4,True,1786714033.859879,warehouse_iot
A1910,True,NORMAL,18.2,True,1787802935.859884,warehouse_iot
A1911,False,NORMAL,0,True,1787166308.859888,warehouse_iot
A1912,False,NORMAL,19.9,False,1786212324.859892,warehouse_iot
A1913,False,NORMAL,26.7,True,1786507357.8598971,warehouse_iot
A1914,True,NORMAL,11.5,True,1786636569.859901,warehouse_iot
A1915,False,NORMAL,37.7,False,1787216265.859906,warehouse_iot
A1916,False,DETERIORATED,29.0,True,1787869222.8599098,warehouse_iot
A1917,True,NORMAL,67.5,True,1787133283.859915,warehouse_iot
A1918,False,NORMAL,0,True,1787860551.859919,warehouse_iot
A1919,True,NORMAL,25.0,True,1787443569.859924,warehouse_iot
A1920,True,NORMAL,29.9,True,1786676820.8599281,warehouse_iot
A1921,False,NORMAL,29.3,True,1786538585.859933,warehouse_iot
A1922,False,DETERIORATED,25.3,True,1786108882.8599381,warehouse_iot
A1923,True,NORMAL,17.4,True,1785844688.859942,warehouse_iot
A1924,False,NORMAL,0,True,1786499330.859947,warehouse_iot
A1925,False,NORMAL,16.8,True,1787105782.859951,warehouse_iot
A1926,False,DAMAGED,23.5,True,1787025598.859957,warehouse_iot
A1927,False,NORMAL,10.9,True,1787255122.8599622,warehouse_iot
A1928,True,NORMAL,30.3,True,1786225052.859966,warehouse_iot
A1929,True,NORMAL,20.4,True,1787046555.859971,warehouse_iot
A1930,False,NORMAL,48.2,True,1787413417.859976,warehouse_iot
A1931,False,DETERIORATED,46.9,True,1785493215.859981,warehouse_iot
A1932,False,NORMAL,10.5,True,1787950777.8599858,warehouse_iot
A1933,False,NORMAL,5.0,True,1787506734.859992,warehouse_iot
A1934,False,DETERIORATED,25.7,True,1785763830.8599958,warehouse_iot
A1935,False,NORMAL,24.7,True,1786189616.860002,warehouse_iot
A1936,False,NORMAL,36.4,True,1787763249.8600059,warehouse_iot
A1937,False,NORMAL,7.5,False,1785655256.860012,warehouse_iot
A1938,False,DETERIORATED,0,True,1786681649.8600168,warehouse_iot
A1939,False,DETERIORATED,10.5,True,1787018771.860022,warehouse_iot
A1940,False,NORMAL,0,True,1786265484.8600261,warehouse_iot
A1941,False,NORMAL,29.7,True,1786589788.860031,warehouse_iot
A1942,False,NORMAL,20.7,True,1787250812.8600361,warehouse_iot
A1943,False,NORMAL,24.2,True,1787450941.86004,warehouse_iot
A1944,False,NORMAL,10.8,True,1787183703.860045,warehouse_iot
A1945,False,NORMAL,53.2,False,1787354345.86005,warehouse_iot
A1946,False,NORMAL,3.6,True,1785488173.860055,warehouse_iot
A1947,False,NORMAL,0,True,1786213626.86006,warehouse_iot
A1948,False,NORMAL,25.2,True,1787214503.860065,warehouse_iot
A1949,False,NORMAL,5.5,True,1787494372.86007,warehouse_iot
A1950,False,DETERIORATED,0,True,1787107785.860076,warehouse_iot
A1951,True,NORMAL,0,True,1786151253.8600802,warehouse_iot
A1952,False,NORMAL,13.9,True,1785863490.860085,warehouse_iot
A1953,False,DETERIORATED,21.6,True,1786446813.86009,warehouse_iot
A1954,False,NORMAL,30.0,True,1787799329.860096,warehouse_iot
A1955,False,NORMAL,6.3,True,1786742517.8601012,warehouse_iot
A1956,False,NORMAL,0,True,1786477690.860106,warehouse_iot
A1957,False,NORMAL,17.9,True,1787671751.860111,warehouse_iot
A1958,False,NORMAL,0,True,1786797226.860116,warehouse_iot
A1959,False,NORMAL,12.4,True,1787686950.860121,warehouse_iot
A1960,True,NORMAL,0,True,1786827144.860126,warehouse_iot
A1961,True,NORMAL,0,True,1785666775.86013,warehouse_iot
A1962,False,NORMAL,36.5,True,1786779187.8601348,warehouse_iot
A1963,False,NORMAL,55.1,True,1786627268.86014,warehouse_iot
A1964,False,DETERIORATED,3.1,True,1787205007.8601449,warehouse_iot
A1965,True,NORMAL,5.3,True,1786531006.860149,warehouse_iot
A1966,True,NORMAL,21.8,True,1786711763.8601549,warehouse_iot
A1967,False,NORMAL,37.6,True,1787881857.860162,warehouse_iot
A1968,True,NORMAL,16.2,True,1786748489.8601658,warehouse_iot
A1969,False,NORMAL,15.7,True,1786915553.860171,warehouse_iot
A1970,False,DAMAGED,22.3,True,1786071848.8601758,warehouse_iot
A1971,False,NORMAL,30.4,True,1787387311.860181,warehouse_iot
A1972,False,NORMAL,32.8,True,1785447058.860186,warehouse_iot
A1973,False,NORMAL,10.5,True,1786451267.8601909,warehouse_iot
A1974,False,NORMAL,26.0,True,1785516411.860196,warehouse_iot
A1975,False,NORMAL,14.0,True,1786157792.860201,warehouse_iot
A1976,False,NORMAL,20.4,True,1786566424.860207,warehouse_iot
A1977,False,NORMAL,22.4,True,1787851271.860211,warehouse_iot
A1978,False,NORMAL,0,True,1786238127.8602161,warehouse_iot
A1979,True,DETERIORATED,23.9,True,1786953488.860221,warehouse_iot
A1980,False,DAMAGED,27.1,True,1787458590.8602262,warehouse_iot
A1981,False,NORMAL,0,True,1787711791.860231,warehouse_iot
A1982,False,NORMAL,5.6,True,1787511327.860235,warehouse_iot
A1983,True,NORMAL,15.1,True,1787830765.86024,warehouse_iot
A1984,False,NORMAL,25.0,True,1785573597.860245,warehouse_iot
A1985,False,NORMAL,45.0,True,1787222588.86025,warehouse_iot
A1986,False,NORMAL,26.1,True,1786677778.860255,warehouse_iot
A1987,True,NORMAL,0.1,True,1787936330.86026,warehouse_iot
A1988,False,NORMAL,2.8,True,1786941640.8602638,warehouse_iot
A1989,False,NORMAL,31.7,True,1785499000.860269,warehouse_iot
A1990,False,NORMAL,21.3,True,1786315250.8602738,warehouse_iot
A1991,False,NORMAL,3.7,True,1785402393.860279,warehouse_iot
A1992,True,NORMAL,19.0,True,1787883870.8602839,warehouse_iot
A1993,False,NORMAL,0,True,1785765637.860288,warehouse_iot
A1994,False,NORMAL,10.7,True,1787691906.8602931,warehouse_iot
A1995,True,NORMAL,22.7,True,1787593106.860298,warehouse_iot
A1996,False,NORMAL,33.5,True,1786616620.8603032,warehouse_iot
A1997,False,NORMAL,28.6,True,1787750861.860308,warehouse_iot
A1998,False,NORMAL,27.7,True,1787000972.8603132,warehouse_iot
A1999,True,NORMAL,27.4,True,1787606884.860317,warehouse_iot
